{"10": {"E_sym": 4701.492967136222, "L_sym": 4487.642829266464, "K_sym": 4715.279645220484, "Q_sym": 4692.710708961567, "Z_sym": 4555.213946697571, "K_sat": 4028.3790291103473, "Q_sat": 4340.723999084833, "Z_sat": 4521.30308817725, "nbreak": 4070.5193774779714, "n_CSE_0_u": 4707.951640520373, "cs2_CSE_0": 3937.669316027079, "n_CSE_1_u": 4531.9790451335775, "cs2_CSE_1": 4471.328601253023, "n_CSE_2_u": 4679.919885838975, "cs2_CSE_2": 4489.29865081597, "n_CSE_3_u": 4472.400626628362, "cs2_CSE_3": 4510.901874447931, "n_CSE_4_u": 4445.382004112041, "cs2_CSE_4": 4842.448111372671, "n_CSE_5_u": 4428.621841443975, "cs2_CSE_5": 4693.549369550865, "n_CSE_6_u": 4810.26542518599, "cs2_CSE_6": 4620.084627298646, "n_CSE_7_u": 4220.501612990495, "cs2_CSE_7": 3969.1772977285095, "n_CSE_8_u": 4299.824913262121, "cs2_CSE_8": 4487.284769368266, "n_CSE_9_u": 4509.62688819895, "cs2_CSE_9": 4881.57932369369, "cs2_CSE_10": 4431.99541613055, "mass_1_GW170817": 4503.105456859238, "mass_2_GW170817": 4576.566099284483, "mass_J0030": 4860.898967577739, "mass_J0740": 4893.516225590178, "runtime": 5222.0}, "20": {"E_sym": 2302.3623181786397, "L_sym": 2467.6011148051493, "K_sym": 2476.394013172317, "Q_sym": 2427.046655786558, "Z_sym": 2479.0243159301554, "K_sat": 2424.733647017204, "Q_sat": 2515.1967928446793, "Z_sat": 2523.2361344633223, "nbreak": 2366.730137232976, "n_CSE_0_u": 2490.642836456351, "cs2_CSE_0": 2344.6657190146143, "n_CSE_1_u": 2437.066156252872, "cs2_CSE_1": 2446.1898568817023, "n_CSE_2_u": 2452.8830979526897, "cs2_CSE_2": 2435.603787674202, "n_CSE_3_u": 2493.445790556963, "cs2_CSE_3": 2380.7619536324205, "n_CSE_4_u": 2414.0133731728647, "cs2_CSE_4": 2481.590463458731, "n_CSE_5_u": 2485.563048940405, "cs2_CSE_5": 2440.662277425809, "n_CSE_6_u": 2443.7637283507993, "cs2_CSE_6": 2399.5318351926, "n_CSE_7_u": 2369.091085154329, "cs2_CSE_7": 2397.1216160275167, "n_CSE_8_u": 2317.6673249710634, "cs2_CSE_8": 2413.5011989357345, "n_CSE_9_u": 2479.991174255487, "cs2_CSE_9": 2430.6686818293815, "n_CSE_10_u": 2333.1172156165485, "cs2_CSE_10": 2369.9941942820697, "n_CSE_11_u": 2435.3200940905544, "cs2_CSE_11": 2363.518285735868, "n_CSE_12_u": 2388.5796758461624, "cs2_CSE_12": 2447.876969284998, "n_CSE_13_u": 2479.104303536856, "cs2_CSE_13": 2246.389748163731, "n_CSE_14_u": 2547.4427777258256, "cs2_CSE_14": 2483.3241015504764, "n_CSE_15_u": 2439.2191466738154, "cs2_CSE_15": 2299.5997581315755, "n_CSE_16_u": 2416.433459592079, "cs2_CSE_16": 2426.8965699145847, "n_CSE_17_u": 2408.1179828608006, "cs2_CSE_17": 2349.3893977535026, "n_CSE_18_u": 2389.9037081374386, "cs2_CSE_18": 2455.9426242862055, "n_CSE_19_u": 2491.3834634641785, "cs2_CSE_19": 2439.7366489476203, "cs2_CSE_20": 2457.677087678231, "mass_1_GW170817": 2446.253564362368, "mass_2_GW170817": 2391.9677616839335, "mass_J0030": 2510.6153020659112, "mass_J0740": 2471.7448938736834, "runtime": 5513.0}, "30": {"E_sym": 1532.7735772697301, "L_sym": 1573.038314962314, "K_sym": 1592.826642174738, "Q_sym": 1528.5621780384895, "Z_sym": 1517.8881410307858, "K_sat": 1560.5006535301382, "Q_sat": 1530.858331732405, "Z_sat": 1562.4522623242442, "nbreak": 1581.469219368705, "n_CSE_0_u": 1589.6705937955635, "cs2_CSE_0": 1544.893453953969, "n_CSE_1_u": 1632.869447199091, "cs2_CSE_1": 1605.7534373558697, "n_CSE_2_u": 1554.098381669902, "cs2_CSE_2": 1603.0777261626854, "n_CSE_3_u": 1589.8800860448025, "cs2_CSE_3": 1595.612399533736, "n_CSE_4_u": 1564.7618244399155, "cs2_CSE_4": 1576.5805537382025, "n_CSE_5_u": 1562.8337134840137, "cs2_CSE_5": 1526.835141317928, "n_CSE_6_u": 1542.3685144176757, "cs2_CSE_6": 1562.7386586549171, "n_CSE_7_u": 1582.4858629189507, "cs2_CSE_7": 1583.2459058117568, "n_CSE_8_u": 1531.266372236371, "cs2_CSE_8": 1571.558223835373, "n_CSE_9_u": 1545.4717355577077, "cs2_CSE_9": 1565.7154173937329, "n_CSE_10_u": 1537.8586781853612, "cs2_CSE_10": 1550.8434869036732, "n_CSE_11_u": 1590.8166582406764, "cs2_CSE_11": 1589.626058190748, "n_CSE_12_u": 1567.074068296564, "cs2_CSE_12": 1570.1092024930342, "n_CSE_13_u": 1620.058232858433, "cs2_CSE_13": 1525.4810212077116, "n_CSE_14_u": 1594.1313452058869, "cs2_CSE_14": 1575.4691525542048, "n_CSE_15_u": 1564.2487993101543, "cs2_CSE_15": 1555.0115314148843, "n_CSE_16_u": 1574.8756274696823, "cs2_CSE_16": 1548.6322562020575, "n_CSE_17_u": 1578.93056138193, "cs2_CSE_17": 1604.88870467037, "n_CSE_18_u": 1594.5186661861883, "cs2_CSE_18": 1581.8520507594078, "n_CSE_19_u": 1562.899988369617, "cs2_CSE_19": 1572.29814113149, "n_CSE_20_u": 1559.3133720401772, "cs2_CSE_20": 1524.8074451088323, "n_CSE_21_u": 1573.5523043703142, "cs2_CSE_21": 1643.9845305818685, "n_CSE_22_u": 1575.4325687229077, "cs2_CSE_22": 1583.7939027900777, "n_CSE_23_u": 1608.1417838928255, "cs2_CSE_23": 1568.8233387155256, "n_CSE_24_u": 1589.3147775790103, "cs2_CSE_24": 1584.1355622243598, "n_CSE_25_u": 1586.6670081208047, "cs2_CSE_25": 1551.9615569574048, "n_CSE_26_u": 1594.7768434567136, "cs2_CSE_26": 1579.0685309814728, "n_CSE_27_u": 1566.3282024507032, "cs2_CSE_27": 1559.1141144981634, "n_CSE_28_u": 1637.6760697247546, "cs2_CSE_28": 1525.7190996086274, "n_CSE_29_u": 1588.3952959410642, "cs2_CSE_29": 1542.6651011808347, "cs2_CSE_30": 1562.101545475775, "mass_1_GW170817": 1578.0189360438437, "mass_2_GW170817": 1600.4626159618203, "mass_J0030": 1583.5294828358801, "mass_J0740": 1614.694636016973, "runtime": 5707.0}, "40": {"E_sym": 1558.8107748106677, "L_sym": 1551.0131992769927, "K_sym": 1583.0407045841228, "Q_sym": 1555.3490662562494, "Z_sym": 1556.1905680563907, "K_sat": 1548.748933968557, "Q_sat": 1623.827450705226, "Z_sat": 1552.6583965265415, "nbreak": 1526.8411704252883, "n_CSE_0_u": 1575.6153627815452, "cs2_CSE_0": 1567.91745316799, "n_CSE_1_u": 1544.6069353584485, "cs2_CSE_1": 1627.6991593424939, "n_CSE_2_u": 1547.6656052877015, "cs2_CSE_2": 1613.1508249376802, "n_CSE_3_u": 1547.9962399068559, "cs2_CSE_3": 1611.2215184883496, "n_CSE_4_u": 1589.2918728312281, "cs2_CSE_4": 1558.711961908357, "n_CSE_5_u": 1583.4761660638783, "cs2_CSE_5": 1608.8199435717106, "n_CSE_6_u": 1587.6358341127307, "cs2_CSE_6": 1567.3982685220433, "n_CSE_7_u": 1564.2286909323795, "cs2_CSE_7": 1630.3478001938113, "n_CSE_8_u": 1587.612957463562, "cs2_CSE_8": 1607.7150898116884, "n_CSE_9_u": 1598.6487159512521, "cs2_CSE_9": 1558.6208407933987, "n_CSE_10_u": 1636.6698073625953, "cs2_CSE_10": 1588.6361858721243, "n_CSE_11_u": 1591.8208879141557, "cs2_CSE_11": 1583.2340167991053, "n_CSE_12_u": 1591.4219436603855, "cs2_CSE_12": 1627.6123921910025, "n_CSE_13_u": 1583.790234103713, "cs2_CSE_13": 1578.6745641416014, "n_CSE_14_u": 1561.2554500266901, "cs2_CSE_14": 1578.2063498257685, "n_CSE_15_u": 1579.5813160334033, "cs2_CSE_15": 1516.5465898742368, "n_CSE_16_u": 1571.1919780742944, "cs2_CSE_16": 1573.9235321982605, "n_CSE_17_u": 1571.7682248587419, "cs2_CSE_17": 1636.1083543870175, "n_CSE_18_u": 1640.9967812075759, "cs2_CSE_18": 1540.7825809266874, "n_CSE_19_u": 1584.4240701406313, "cs2_CSE_19": 1563.1135343318397, "n_CSE_20_u": 1582.1150625016728, "cs2_CSE_20": 1511.4885276825507, "n_CSE_21_u": 1563.2986168638017, "cs2_CSE_21": 1564.4832087766233, "n_CSE_22_u": 1541.4179047767734, "cs2_CSE_22": 1629.560142424758, "n_CSE_23_u": 1581.398459480217, "cs2_CSE_23": 1534.0053800209544, "n_CSE_24_u": 1563.124784253017, "cs2_CSE_24": 1615.9291310740202, "n_CSE_25_u": 1567.0245576434968, "cs2_CSE_25": 1589.8690851159797, "n_CSE_26_u": 1581.023151145693, "cs2_CSE_26": 1557.7702268426517, "n_CSE_27_u": 1558.5848445002443, "cs2_CSE_27": 1645.8023798968368, "n_CSE_28_u": 1565.177998473371, "cs2_CSE_28": 1534.0791800134537, "n_CSE_29_u": 1654.9685180703411, "cs2_CSE_29": 1614.2793942263336, "n_CSE_30_u": 1587.6606751652998, "cs2_CSE_30": 1598.8643162514747, "n_CSE_31_u": 1573.1471604257526, "cs2_CSE_31": 1608.3548219919135, "n_CSE_32_u": 1563.4904400444075, "cs2_CSE_32": 1626.2275467594004, "n_CSE_33_u": 1576.1887603509638, "cs2_CSE_33": 1592.2198252412602, "n_CSE_34_u": 1594.6433978725013, "cs2_CSE_34": 1559.4857484344961, "n_CSE_35_u": 1558.0903692092575,