{"10": {"E_sym": 8369.374222040393, "L_sym": 7942.61339576039, "K_sym": 8986.175548905729, "Q_sym": 7865.053482921076, "Z_sym": 7187.443747597768, "K_sat": 8313.860993108377, "Q_sat": 8128.082883339603, "Z_sat": 7496.636802058485, "nbreak": 8431.090311530661, "n_CSE_0_u": 7568.877988961082, "cs2_CSE_0": 6553.0595527451205, "n_CSE_1_u": 8385.941584747194, "cs2_CSE_1": 7161.9266822689915, "n_CSE_2_u": 8524.354304144752, "cs2_CSE_2": 7363.672727214979, "n_CSE_3_u": 6962.162572062921, "cs2_CSE_3": 7653.531954584342, "n_CSE_4_u": 7410.288848495905, "cs2_CSE_4": 7819.4327403263105, "n_CSE_5_u": 7891.266052746026, "cs2_CSE_5": 6715.089660719945, "n_CSE_6_u": 7744.352465558371, "cs2_CSE_6": 5343.665723320448, "n_CSE_7_u": 7995.592991892332, "cs2_CSE_7": 8278.677187300667, "n_CSE_8_u": 8629.78771841861, "cs2_CSE_8": 8374.347701634311, "n_CSE_9_u": 6073.953696560416, "cs2_CSE_9": 7519.919440024554, "cs2_CSE_10": 6844.67638911968, "mass_1_GW170817": 7748.538694527019, "mass_2_GW170817": 7791.2254058021945, "runtime": 3329.0}, "20": {"E_sym": 2955.2196438621722, "L_sym": 2988.4995857209547, "K_sym": 2709.963723029244, "Q_sym": 2820.3191000126467, "Z_sym": 2843.274014298553, "K_sat": 3003.278349470452, "Q_sat": 2832.136257866364, "Z_sat": 2912.255442015507, "nbreak": 2945.9014567626978, "n_CSE_0_u": 2780.2935438281406, "cs2_CSE_0": 2815.8817628605843, "n_CSE_1_u": 2893.161093819109, "cs2_CSE_1": 2795.403941290358, "n_CSE_2_u": 2806.4444568558947, "cs2_CSE_2": 2781.7268833824924, "n_CSE_3_u": 2864.746277948909, "cs2_CSE_3": 2933.233297012855, "n_CSE_4_u": 2821.1767030690944, "cs2_CSE_4": 2975.779688886842, "n_CSE_5_u": 3040.934571941185, "cs2_CSE_5": 3070.5101109588263, "n_CSE_6_u": 2917.2679010390184, "cs2_CSE_6": 2899.333435416021, "n_CSE_7_u": 2874.75999270147, "cs2_CSE_7": 2806.601467757674, "n_CSE_8_u": 2909.0977256351653, "cs2_CSE_8": 2856.6360519639456, "n_CSE_9_u": 2971.6712103232085, "cs2_CSE_9": 2942.8415418108643, "n_CSE_10_u": 2935.136756900521, "cs2_CSE_10": 2886.5129841166076, "n_CSE_11_u": 2910.9148910676104, "cs2_CSE_11": 3165.9260443950707, "n_CSE_12_u": 2840.9115372966967, "cs2_CSE_12": 2761.3895853845847, "n_CSE_13_u": 2899.501311158522, "cs2_CSE_13": 2768.466417187167, "n_CSE_14_u": 2998.307421875138, "cs2_CSE_14": 2796.5564722773056, "n_CSE_15_u": 2755.2512442461716, "cs2_CSE_15": 2942.9494678407023, "n_CSE_16_u": 2991.1409313000654, "cs2_CSE_16": 3163.5156249677284, "n_CSE_17_u": 2936.4360303005083, "cs2_CSE_17": 2896.8844939828396, "n_CSE_18_u": 3012.234321788473, "cs2_CSE_18": 2737.2210460516703, "n_CSE_19_u": 2871.35538785856, "cs2_CSE_19": 2882.4189227115266, "cs2_CSE_20": 2728.2403593107747, "mass_1_GW170817": 2702.6619897510836, "mass_2_GW170817": 2645.7986826011347, "runtime": 3578.0}, "30": {"E_sym": 2132.917121190834, "L_sym": 2094.335379563213, "K_sym": 2147.5225691058167, "Q_sym": 2081.6673466962434, "Z_sym": 2108.4796407182953, "K_sat": 2077.9027129114324, "Q_sat": 2103.2119090608326, "Z_sat": 2112.606071310001, "nbreak": 2083.8650989073017, "n_CSE_0_u": 2122.862520653768, "cs2_CSE_0": 2035.61184657765, "n_CSE_1_u": 2194.5982774324575, "cs2_CSE_1": 2139.350789809054, "n_CSE_2_u": 2131.371545427899, "cs2_CSE_2": 2120.32866455151, "n_CSE_3_u": 2028.450402054333, "cs2_CSE_3": 2046.7770420590077, "n_CSE_4_u": 2085.4398257985195, "cs2_CSE_4": 2065.6026731723273, "n_CSE_5_u": 2033.052193673659, "cs2_CSE_5": 2175.572539245297, "n_CSE_6_u": 2151.1892505999162, "cs2_CSE_6": 2057.9294021701553, "n_CSE_7_u": 2198.8725813040974, "cs2_CSE_7": 2002.9735392112773, "n_CSE_8_u": 2152.321566977814, "cs2_CSE_8": 2090.1400978741344, "n_CSE_9_u": 2167.9048659261243, "cs2_CSE_9": 2122.079333723816, "n_CSE_10_u": 2109.51250642501, "cs2_CSE_10": 2054.1501513345215, "n_CSE_11_u": 2108.0637121871864, "cs2_CSE_11": 2053.4985965456303, "n_CSE_12_u": 2074.094468540993, "cs2_CSE_12": 2132.5142242966617, "n_CSE_13_u": 2153.2124647814835, "cs2_CSE_13": 2121.184280683579, "n_CSE_14_u": 2069.3165314024386, "cs2_CSE_14": 2124.9661961252436, "n_CSE_15_u": 2060.5267515180303, "cs2_CSE_15": 2132.086342448649, "n_CSE_16_u": 2100.379852930709, "cs2_CSE_16": 2080.424999211602, "n_CSE_17_u": 2139.149884230749, "cs2_CSE_17": 2054.5319980441836, "n_CSE_18_u": 2080.991472064642, "cs2_CSE_18": 2073.6751809961283, "n_CSE_19_u": 2182.009375503025, "cs2_CSE_19": 2091.6721618568727, "n_CSE_20_u": 2231.0708478234433, "cs2_CSE_20": 2196.8456613503654, "n_CSE_21_u": 2078.7627676163734, "cs2_CSE_21": 2052.4305101164296, "n_CSE_22_u": 2150.764047677315, "cs2_CSE_22": 2166.648393203189, "n_CSE_23_u": 2083.27813279989, "cs2_CSE_23": 2177.646664029692, "n_CSE_24_u": 2135.37999244776, "cs2_CSE_24": 2109.074538211576, "n_CSE_25_u": 2171.0976612344216, "cs2_CSE_25": 2079.291910422686, "n_CSE_26_u": 2122.50733974374, "cs2_CSE_26": 2134.4138541806856, "n_CSE_27_u": 2046.8052833597012, "cs2_CSE_27": 2087.799919618562, "n_CSE_28_u": 2098.1966150925173, "cs2_CSE_28": 2188.360524611177, "n_CSE_29_u": 2106.3538461225385, "cs2_CSE_29": 2225.85453458528, "cs2_CSE_30": 2103.5246956404085, "mass_1_GW170817": 1986.744329481573, "mass_2_GW170817": 1983.0879026913433, "runtime": 3710.0}, "40": {"E_sym": 1678.5385195413264, "L_sym": 1617.8543523510582, "K_sym": 1620.9324232755087, "Q_sym": 1682.409236942526, "Z_sym": 1625.7806052786664, "K_sat": 1659.6638552399972, "Q_sat": 1632.7485905766428, "Z_sat": 1589.6479334071435, "nbreak": 1620.8000449004503, "n_CSE_0_u": 1614.4833736922694, "cs2_CSE_0": 1611.2283949309503, "n_CSE_1_u": 1624.0327757055786, "cs2_CSE_1": 1636.9950779734315, "n_CSE_2_u": 1633.7385854421477, "cs2_CSE_2": 1607.9331371444046, "n_CSE_3_u": 1671.7343706573176, "cs2_CSE_3": 1640.3774682297048, "n_CSE_4_u": 1640.7115614561724, "cs2_CSE_4": 1668.3014111851242, "n_CSE_5_u": 1616.941473902669, "cs2_CSE_5": 1555.8417450396921, "n_CSE_6_u": 1692.2445897547932, "cs2_CSE_6": 1653.7346414212382, "n_CSE_7_u": 1592.754021041416, "cs2_CSE_7": 1636.402351411931, "n_CSE_8_u": 1652.726912312858, "cs2_CSE_8": 1649.3430044469044, "n_CSE_9_u": 1643.1652766462232, "cs2_CSE_9": 1616.9632127003256, "n_CSE_10_u": 1683.5322265727982, "cs2_CSE_10": 1649.6571723737034, "n_CSE_11_u": 1646.624814420787, "cs2_CSE_11": 1626.602353808821, "n_CSE_12_u": 1646.0254396114813, "cs2_CSE_12": 1600.8523901425224, "n_CSE_13_u": 1652.6957066319856, "cs2_CSE_13": 1632.2590071878456, "n_CSE_14_u": 1561.4636590598782, "cs2_CSE_14": 1615.6334371601179, "n_CSE_15_u": 1645.2038724734489, "cs2_CSE_15": 1614.1542237708688, "n_CSE_16_u": 1656.890200821024, "cs2_CSE_16": 1662.0843919671543, "n_CSE_17_u": 1621.4775731544205, "cs2_CSE_17": 1620.9428290168507, "n_CSE_18_u": 1630.6351494651867, "cs2_CSE_18": 1634.7738416446448, "n_CSE_19_u": 1654.1690332196333, "cs2_CSE_19": 1658.0336719761208, "n_CSE_20_u": 1663.258734684051, "cs2_CSE_20": 1673.8668360570618, "n_CSE_21_u": 1687.86806507685, "cs2_CSE_21": 1626.1303117184395, "n_CSE_22_u": 1650.7921874086408, "cs2_CSE_22": 1618.9553922855473, "n_CSE_23_u": 1607.4867735714868, "cs2_CSE_23": 1623.0694379862316, "n_CSE_24_u": 1651.194299077486, "cs2_CSE_24": 1614.7462326521656, "n_CSE_25_u": 1605.461954332032, "cs2_CSE_25": 1647.9062629664922, "n_CSE_26_u": 1658.006816604193, "cs2_CSE_26": 1648.239052271647, "n_CSE_27_u": 1626.7607557379904, "cs2_CSE_27": 1600.7372293961287, "n_CSE_28_u": 1658.7682226208271, "cs2_CSE_28": 1655.6600259782301, "n_CSE_29_u": 1677.422075501849, "cs2_CSE_29": 1635.4489608240244, "n_CSE_30_u": 1618.4667454889077, "cs2_CSE_30": 1631.6962943011126, "n_CSE_31_u": 1601.0038784265041, "cs2_CSE_31": 1654.952073648056, "n_CSE_32_u": 1668.501825307377, "cs2_CSE_32": 1615.986611408376, "n_CSE_33_u": 1622.377044079542, "cs2_CSE_33": 1633.855560760922, "n_CSE_34_u": 1619.5458550631838, "cs2_CSE_34": 1632.2985070384766, "n_CSE_35_u": 1620.088677739662, "cs2_CSE_35": 1621.349249695435, "n_CSE_36_u": 1617.978059763342, "cs2_CSE_36": 1652.386705843997, "n_CSE_37_u": 1664.2235525260498, "cs2_CSE_37": 1699.2879168489517, "n_CSE_38_u": 1647.901054536493,