{"10": {"E_sym": 6284.305485996896, "L_sym": 5194.172659206885, "K_sym": 5488.3720228550865, "Q_sym": 5929.823750988511, "Z_sym": 5651.176547979325, "K_sat": 5637.309600409288, "Q_sat": 5806.793380202356, "Z_sat": 4948.188391067646, "nbreak": 5863.453518541328, "n_CSE_0_u": 6407.058865344216, "cs2_CSE_0": 4942.132554926778, "n_CSE_1_u": 5916.350435416854, "cs2_CSE_1": 6321.223349006576, "n_CSE_2_u": 7081.186874564063, "cs2_CSE_2": 6193.212063327167, "n_CSE_3_u": 5999.379354674465, "cs2_CSE_3": 5762.240622583145, "n_CSE_4_u": 6200.982639060182, "cs2_CSE_4": 6711.924068066944, "n_CSE_5_u": 6181.404279023198, "cs2_CSE_5": 6085.281246224913, "n_CSE_6_u": 5489.8600505922495, "cs2_CSE_6": 5899.089070538029, "n_CSE_7_u": 5377.838137252164, "cs2_CSE_7": 6087.168584280373, "n_CSE_8_u": 5035.3424733522015, "cs2_CSE_8": 6875.84884149398, "n_CSE_9_u": 5969.772261419269, "cs2_CSE_9": 6040.082853907094, "cs2_CSE_10": 6608.346464874672, "mass_1_GW170817": 6081.437133561442, "mass_2_GW170817": 6200.896722499163, "mass_J0030": 5472.868392954443, "mass_J0740": 6322.2283715230105, "runtime": 3210.0}, "20": {"E_sym": 2829.3332787819704, "L_sym": 2656.419547897955, "K_sym": 2733.04926661015, "Q_sym": 2823.536053124138, "Z_sym": 2679.4712357003486, "K_sat": 2818.8539259926497, "Q_sat": 2722.5242916045104, "Z_sat": 2862.772242616907, "nbreak": 2610.2685555112325, "n_CSE_0_u": 2769.3707588494062, "cs2_CSE_0": 2506.393648742833, "n_CSE_1_u": 2760.7046593646087, "cs2_CSE_1": 2607.0231723792444, "n_CSE_2_u": 2930.63619860237, "cs2_CSE_2": 2732.450975554628, "n_CSE_3_u": 2833.659105918278, "cs2_CSE_3": 2736.229258566902, "n_CSE_4_u": 2921.249412783298, "cs2_CSE_4": 2881.08606658873, "n_CSE_5_u": 2792.170030056386, "cs2_CSE_5": 2664.913888369165, "n_CSE_6_u": 2778.117309365078, "cs2_CSE_6": 2858.85275497794, "n_CSE_7_u": 2796.1689594045956, "cs2_CSE_7": 2741.4979031943126, "n_CSE_8_u": 2844.2616839329735, "cs2_CSE_8": 2865.990218893342, "n_CSE_9_u": 3029.752897291064, "cs2_CSE_9": 2701.0277404882727, "n_CSE_10_u": 2759.629668587466, "cs2_CSE_10": 2770.880802125151, "n_CSE_11_u": 2732.2806121420144, "cs2_CSE_11": 2818.0149180210005, "n_CSE_12_u": 2823.5284241997833, "cs2_CSE_12": 2844.1426332180786, "n_CSE_13_u": 2654.2805722949533, "cs2_CSE_13": 2725.4149952038924, "n_CSE_14_u": 2758.3471149404045, "cs2_CSE_14": 2824.0970049764464, "n_CSE_15_u": 2658.4736435059804, "cs2_CSE_15": 2689.445708624935, "n_CSE_16_u": 2897.0503434229045, "cs2_CSE_16": 2891.7152526558307, "n_CSE_17_u": 2744.3813380629636, "cs2_CSE_17": 2924.726465129256, "n_CSE_18_u": 2752.108855307426, "cs2_CSE_18": 2709.1549143538095, "n_CSE_19_u": 2839.389694583321, "cs2_CSE_19": 2757.709471265673, "cs2_CSE_20": 2674.399664343039, "mass_1_GW170817": 2798.968493494591, "mass_2_GW170817": 2778.4499190643824, "mass_J0030": 2791.3510003527235, "mass_J0740": 2856.380066848554, "runtime": 3368.0}, "30": {"E_sym": 1710.756165429517, "L_sym": 1761.8504098333149, "K_sym": 1736.9902104829016, "Q_sym": 1757.5878875889557, "Z_sym": 1787.1399395826527, "K_sat": 1809.0565132388265, "Q_sat": 1796.3330868877238, "Z_sat": 1784.6321234307852, "nbreak": 1729.0677227326541, "n_CSE_0_u": 1843.0675534074119, "cs2_CSE_0": 1724.9886177848844, "n_CSE_1_u": 1775.7168948105352, "cs2_CSE_1": 1707.54902792703, "n_CSE_2_u": 1816.7586560235295, "cs2_CSE_2": 1760.0490355180862, "n_CSE_3_u": 1823.2673885949569, "cs2_CSE_3": 1770.5228521164122, "n_CSE_4_u": 1778.5294336378004, "cs2_CSE_4": 1776.348605095163, "n_CSE_5_u": 1745.3941162244914, "cs2_CSE_5": 1763.70851195539, "n_CSE_6_u": 1797.5682579375284, "cs2_CSE_6": 1801.1566251963734, "n_CSE_7_u": 1813.6870778822897, "cs2_CSE_7": 1837.9710363120475, "n_CSE_8_u": 1746.59087103414, "cs2_CSE_8": 1811.2407232988332, "n_CSE_9_u": 1771.5669904492047, "cs2_CSE_9": 1773.1240367098142, "n_CSE_10_u": 1768.786540598222, "cs2_CSE_10": 1793.3258479979763, "n_CSE_11_u": 1814.7532417532227, "cs2_CSE_11": 1750.3913390859939, "n_CSE_12_u": 1770.5772379055961, "cs2_CSE_12": 1737.8244954254346, "n_CSE_13_u": 1767.1321182910299, "cs2_CSE_13": 1776.6848738598126, "n_CSE_14_u": 1759.0730019150496, "cs2_CSE_14": 1780.933337043686, "n_CSE_15_u": 1776.2919383285846, "cs2_CSE_15": 1778.4356960407706, "n_CSE_16_u": 1775.207084027889, "cs2_CSE_16": 1729.6316712982448, "n_CSE_17_u": 1831.7778112185915, "cs2_CSE_17": 1783.0026422107169, "n_CSE_18_u": 1808.153067107337, "cs2_CSE_18": 1798.4440725408977, "n_CSE_19_u": 1787.1240167291105, "cs2_CSE_19": 1781.7352749572278, "n_CSE_20_u": 1734.1424796044607, "cs2_CSE_20": 1783.0263880080317, "n_CSE_21_u": 1768.8590797213033, "cs2_CSE_21": 1730.6593845533077, "n_CSE_22_u": 1845.547660584536, "cs2_CSE_22": 1812.4104386771637, "n_CSE_23_u": 1761.4600287318115, "cs2_CSE_23": 1750.4388891440785, "n_CSE_24_u": 1781.6156333984738, "cs2_CSE_24": 1755.1250834075124, "n_CSE_25_u": 1806.5681067552082, "cs2_CSE_25": 1763.3129004473099, "n_CSE_26_u": 1836.747111967652, "cs2_CSE_26": 1809.3874013229201, "n_CSE_27_u": 1707.2743899440388, "cs2_CSE_27": 1759.1381547192282, "n_CSE_28_u": 1778.9195053347667, "cs2_CSE_28": 1775.8381510898446, "n_CSE_29_u": 1801.4508081067033, "cs2_CSE_29": 1758.0599671610973, "cs2_CSE_30": 1771.8339640718498, "mass_1_GW170817": 1729.1575821537137, "mass_2_GW170817": 1705.5823534836238, "mass_J0030": 1789.2310945190984, "mass_J0740": 1819.1711274073825, "runtime": 3522.0}, "40": {"E_sym": 1678.7125508686104, "L_sym": 1709.4714843499378, "K_sym": 1673.1111258860558, "Q_sym": 1645.8981961789443, "Z_sym": 1646.9010017162316, "K_sat": 1642.6306746743614, "Q_sat": 1599.6526332759152, "Z_sat": 1673.7076959239891, "nbreak": 1570.4633994760918, "n_CSE_0_u": 1666.0362842624522, "cs2_CSE_0": 1640.4564911008683, "n_CSE_1_u": 1696.7604933781572, "cs2_CSE_1": 1666.2963279747855, "n_CSE_2_u": 1618.2522070897155, "cs2_CSE_2": 1671.6645987692712, "n_CSE_3_u": 1642.65395690861, "cs2_CSE_3": 1658.6327416394454, "n_CSE_4_u": 1717.2923935006663, "cs2_CSE_4": 1645.2858742593417, "n_CSE_5_u": 1668.1697023972629, "cs2_CSE_5": 1611.3195622659553, "n_CSE_6_u": 1631.102751940061, "cs2_CSE_6": 1709.4869263412254, "n_CSE_7_u": 1647.9708213953797, "cs2_CSE_7": 1690.2782972062028, "n_CSE_8_u": 1672.2442708150916, "cs2_CSE_8": 1694.4054035020843, "n_CSE_9_u": 1635.5783159003201, "cs2_CSE_9": 1659.2471587890545, "n_CSE_10_u": 1694.014065843751, "cs2_CSE_10": 1609.2230108790116, "n_CSE_11_u": 1649.4973468759426, "cs2_CSE_11": 1670.2971533730413, "n_CSE_12_u": 1661.1653851095216, "cs2_CSE_12": 1596.0509813515803, "n_CSE_13_u": 1629.3780995310397, "cs2_CSE_13": 1645.9018923211815, "n_CSE_14_u": 1651.7250575054168, "cs2_CSE_14": 1667.537260819077, "n_CSE_15_u": 1625.8084005022386, "cs2_CSE_15": 1659.6984796547126, "n_CSE_16_u": 1663.1642689492767, "cs2_CSE_16": 1670.057142270605, "n_CSE_17_u": 1619.2391264920313, "cs2_CSE_17": 1657.2150664178832, "n_CSE_18_u": 1641.312333827281, "cs2_CSE_18": 1658.4532568849386, "n_CSE_19_u": 1650.324717915647, "cs2_CSE_19": 1642.789605921516, "n_CSE_20_u": 1634.1981248560364, "cs2_CSE_20": 1708.7582384175464, "n_CSE_21_u": 1624.177532438099, "cs2_CSE_21": 1656.8083380602536, "n_CSE_22_u": 1616.752792752707, "cs2_CSE_22": 1635.6616672979133, "n_CSE_23_u": 1608.5757506215957, "cs2_CSE_23": 1635.673825540332, "n_CSE_24_u": 1682.5293976900696, "cs2_CSE_24": 1658.7602466327676, "n_CSE_25_u": 1627.7746015534774, "cs2_CSE_25": 1663.646885324655, "n_CSE_26_u": 1678.378141428977, "cs2_CSE_26": 1657.453092835378, "n_CSE_27_u": 1651.6957085055337, "cs2_CSE_27": 1590.7607537101226, "n_CSE_28_u": 1627.3970788117927, "cs2_CSE_28": 1628.9926170151607, "n_CSE_29_u": 1594.693847608737, "cs2_CSE_29": 1671.66842363203, "n_CSE_30_u": 1673.3242838559847, "cs2_CSE_30": 1637.6472664931628, "n_CSE_31_u": 1645.3508040442237, "cs2_CSE_31": 1821.2876368526772, "n_CSE_32_u": 1667.1532015615235, "cs2_CSE_32": 1652.9478069281922, "n_CSE_33_u": 1658.3571866445247, "cs2_CSE_33": 1682.5275334529063, "n_CSE_34_u": 1641.3580765075546, "cs2_CSE_34": 1672.659731607288, "n_CSE_35_u": 1661.2346779743552,