{"10": {"E_sym": 6621.5918171645, "L_sym": 5331.7176614953105, "K_sym": 4759.185200465061, "Q_sym": 6229.963264953736, "Z_sym": 6800.555395295531, "K_sat": 5598.492011653161, "Q_sat": 6022.7632563072775, "Z_sat": 5864.350633324631, "nbreak": 5290.635110011277, "n_CSE_0_u": 5851.943805363395, "cs2_CSE_0": 4551.92033203295, "n_CSE_1_u": 4954.889986134366, "cs2_CSE_1": 5884.646840742822, "n_CSE_2_u": 5406.559938593657, "cs2_CSE_2": 5711.717928176878, "n_CSE_3_u": 5509.121491720005, "cs2_CSE_3": 5290.634545502254, "n_CSE_4_u": 5561.095321373099, "cs2_CSE_4": 5639.754515944708, "n_CSE_5_u": 6617.1477385151575, "cs2_CSE_5": 6350.92753978011, "n_CSE_6_u": 5371.752118209735, "cs2_CSE_6": 6089.909785215385, "n_CSE_7_u": 5544.623235094367, "cs2_CSE_7": 5623.1488637827415, "n_CSE_8_u": 5528.3408883128195, "cs2_CSE_8": 5558.02607503242, "n_CSE_9_u": 5679.440648477177, "cs2_CSE_9": 5801.9784307113105, "cs2_CSE_10": 6076.1994169247955, "mass_1_GW170817": 5014.256819955049, "mass_2_GW170817": 4696.193855938, "mass_J0030": 6107.918576718065, "mass_J0740": 6139.351825823769, "runtime": 3151.0}, "20": {"E_sym": 2455.242352295942, "L_sym": 2677.7478440708123, "K_sym": 2514.2332341338115, "Q_sym": 2521.393224700228, "Z_sym": 2444.904218700309, "K_sat": 2386.322427512158, "Q_sat": 2402.9464829292683, "Z_sat": 2480.3947588883757, "nbreak": 2637.6250400986, "n_CSE_0_u": 2637.2382969095993, "cs2_CSE_0": 2395.3305881859237, "n_CSE_1_u": 2604.8373463119233, "cs2_CSE_1": 2414.7587234689304, "n_CSE_2_u": 2589.856444246198, "cs2_CSE_2": 2519.7092612388356, "n_CSE_3_u": 2476.8944236462116, "cs2_CSE_3": 2364.1816796839694, "n_CSE_4_u": 2505.613734117073, "cs2_CSE_4": 2556.8945990669536, "n_CSE_5_u": 2493.28101638448, "cs2_CSE_5": 2441.0796636874065, "n_CSE_6_u": 2535.506368007705, "cs2_CSE_6": 2477.495715736305, "n_CSE_7_u": 2552.6297436399627, "cs2_CSE_7": 2468.743431213483, "n_CSE_8_u": 2615.9479339034424, "cs2_CSE_8": 2440.5833143784566, "n_CSE_9_u": 2605.952202707561, "cs2_CSE_9": 2516.1305914733316, "n_CSE_10_u": 2568.855581169123, "cs2_CSE_10": 2681.2624189000235, "n_CSE_11_u": 2546.557631575157, "cs2_CSE_11": 2398.182440138006, "n_CSE_12_u": 2480.920818481078, "cs2_CSE_12": 2474.772473269404, "n_CSE_13_u": 2490.6633479522584, "cs2_CSE_13": 2470.4306768169617, "n_CSE_14_u": 2502.40553202039, "cs2_CSE_14": 2452.253182466643, "n_CSE_15_u": 2601.90493075772, "cs2_CSE_15": 2353.2329452721233, "n_CSE_16_u": 2560.85913195969, "cs2_CSE_16": 2582.267104224128, "n_CSE_17_u": 2441.949832691664, "cs2_CSE_17": 2433.9430050225633, "n_CSE_18_u": 2524.077777810637, "cs2_CSE_18": 2431.856902805162, "n_CSE_19_u": 2645.7325496075177, "cs2_CSE_19": 2554.5756155689583, "cs2_CSE_20": 2388.430436955855, "mass_1_GW170817": 2279.1657791905923, "mass_2_GW170817": 2292.1684599094197, "mass_J0030": 2486.1906353916597, "mass_J0740": 2646.0829430209305, "runtime": 3377.0}, "30": {"E_sym": 1753.8962639010936, "L_sym": 1756.328813087556, "K_sym": 1732.5230423780251, "Q_sym": 1864.5383852127768, "Z_sym": 1783.320431036964, "K_sat": 1822.9534553942449, "Q_sat": 1781.1499298584974, "Z_sat": 1763.2125453594995, "nbreak": 1822.8012257374203, "n_CSE_0_u": 1804.3597199481924, "cs2_CSE_0": 1702.2802770700039, "n_CSE_1_u": 1765.549139913093, "cs2_CSE_1": 1770.6943498343908, "n_CSE_2_u": 1857.5560445427666, "cs2_CSE_2": 1825.8471439791242, "n_CSE_3_u": 1736.660375102833, "cs2_CSE_3": 1784.812421254939, "n_CSE_4_u": 1800.063214318589, "cs2_CSE_4": 1768.1904349511246, "n_CSE_5_u": 1771.1655368900128, "cs2_CSE_5": 1767.042799981955, "n_CSE_6_u": 1774.3156784137748, "cs2_CSE_6": 1755.65120463685, "n_CSE_7_u": 1828.8877829999503, "cs2_CSE_7": 1782.373120396632, "n_CSE_8_u": 1725.8525584181305, "cs2_CSE_8": 1778.8211132923402, "n_CSE_9_u": 1828.9958418272843, "cs2_CSE_9": 1806.5215108046161, "n_CSE_10_u": 1838.8557143186329, "cs2_CSE_10": 1782.1720082915915, "n_CSE_11_u": 1772.882907816618, "cs2_CSE_11": 1787.776443948787, "n_CSE_12_u": 1750.1568163610027, "cs2_CSE_12": 1789.6550852918529, "n_CSE_13_u": 1816.5655702775923, "cs2_CSE_13": 1784.2922909825106, "n_CSE_14_u": 1778.303168381419, "cs2_CSE_14": 1801.129458888322, "n_CSE_15_u": 1774.0485562654694, "cs2_CSE_15": 1731.3044367338152, "n_CSE_16_u": 1736.2891914520733, "cs2_CSE_16": 1786.9530176387198, "n_CSE_17_u": 1809.3323196670333, "cs2_CSE_17": 1759.8968919388342, "n_CSE_18_u": 1783.4899199991312, "cs2_CSE_18": 1780.1705562305817, "n_CSE_19_u": 1733.176218816319, "cs2_CSE_19": 1738.2245254518123, "n_CSE_20_u": 1806.992322375456, "cs2_CSE_20": 1809.829580100462, "n_CSE_21_u": 1790.181812134022, "cs2_CSE_21": 1839.566868309961, "n_CSE_22_u": 1767.491933693259, "cs2_CSE_22": 1729.5260707212503, "n_CSE_23_u": 1811.362158408141, "cs2_CSE_23": 1756.516593918686, "n_CSE_24_u": 1780.7432094875355, "cs2_CSE_24": 1816.1368145899323, "n_CSE_25_u": 1739.3000718465007, "cs2_CSE_25": 1788.6916291763578, "n_CSE_26_u": 1826.099651163504, "cs2_CSE_26": 1761.8962987151976, "n_CSE_27_u": 1842.5364346499366, "cs2_CSE_27": 1805.4814935316829, "n_CSE_28_u": 1792.6396627402096, "cs2_CSE_28": 1788.3172584151348, "n_CSE_29_u": 1824.9684122499489, "cs2_CSE_29": 1771.0216520029605, "cs2_CSE_30": 1764.791902793478, "mass_1_GW170817": 1786.157937068151, "mass_2_GW170817": 1772.406419877349, "mass_J0030": 1799.7490930445015, "mass_J0740": 1846.3030414710797, "runtime": 3540.0}, "40": {"E_sym": 1559.2386582881668, "L_sym": 1502.953621377277, "K_sym": 1535.1943688050774, "Q_sym": 1552.6955583248716, "Z_sym": 1505.3654898899906, "K_sat": 1507.3936013963087, "Q_sat": 1510.217923519803, "Z_sat": 1503.7391072849648, "nbreak": 1501.9917809835556, "n_CSE_0_u": 1545.2473152616142, "cs2_CSE_0": 1496.6606689278044, "n_CSE_1_u": 1586.6978640890547, "cs2_CSE_1": 1458.788531204353, "n_CSE_2_u": 1548.8736041947877, "cs2_CSE_2": 1512.272371569876, "n_CSE_3_u": 1551.209915721178, "cs2_CSE_3": 1479.1270062160168, "n_CSE_4_u": 1534.9381160847083, "cs2_CSE_4": 1535.0076082154146, "n_CSE_5_u": 1519.7128154673715, "cs2_CSE_5": 1494.9342899034948, "n_CSE_6_u": 1532.6450239082328, "cs2_CSE_6": 1530.7175812119215, "n_CSE_7_u": 1536.8709131043702, "cs2_CSE_7": 1495.7033986686065, "n_CSE_8_u": 1532.8616852391744, "cs2_CSE_8": 1511.8490741805979, "n_CSE_9_u": 1539.4336092323833, "cs2_CSE_9": 1512.2030162321846, "n_CSE_10_u": 1512.16840069686, "cs2_CSE_10": 1526.469524426965, "n_CSE_11_u": 1557.202117846356, "cs2_CSE_11": 1532.296399380239, "n_CSE_12_u": 1511.7126988100665, "cs2_CSE_12": 1539.1138390998487, "n_CSE_13_u": 1535.9712643799398, "cs2_CSE_13": 1519.028868113994, "n_CSE_14_u": 1490.9559038711668, "cs2_CSE_14": 1515.6184734780634, "n_CSE_15_u": 1522.9105516448315, "cs2_CSE_15": 1519.4328739490786, "n_CSE_16_u": 1515.4210780888006, "cs2_CSE_16": 1509.1253516960282, "n_CSE_17_u": 1534.0142820591113, "cs2_CSE_17": 1506.7363073607926, "n_CSE_18_u": 1504.9176965757283, "cs2_CSE_18": 1490.5360031798984, "n_CSE_19_u": 1541.1920198679004, "cs2_CSE_19": 1517.500170668405, "n_CSE_20_u": 1529.3024835422564, "cs2_CSE_20": 1459.4112192550194, "n_CSE_21_u": 1482.315046405641, "cs2_CSE_21": 1533.485167449968, "n_CSE_22_u": 1570.426606057169, "cs2_CSE_22": 1531.2075398728743, "n_CSE_23_u": 1533.1350487893687, "cs2_CSE_23": 1486.568091602212, "n_CSE_24_u": 1521.1159199360138, "cs2_CSE_24": 1463.7594716020812, "n_CSE_25_u": 1526.9671039200505, "cs2_CSE_25": 1484.0175068765047, "n_CSE_26_u": 1513.0320381025763, "cs2_CSE_26": 1542.293662001845, "n_CSE_27_u": 1522.6988995113525, "cs2_CSE_27": 1556.7298079896382, "n_CSE_28_u": 1512.0632543709291, "cs2_CSE_28": 1528.740748137257, "n_CSE_29_u": 1517.117476169606, "cs2_CSE_29": 1513.8256966348276, "n_CSE_30_u": 1529.4598991885625, "cs2_CSE_30": 1566.4064224234864, "n_CSE_31_u": 1523.5908117014503, "cs2_CSE_31": 1549.7017372884466, "n_CSE_32_u": 1546.2681222988172, "cs2_CSE_32": 1534.0510853832384, "n_CSE_33_u": 1544.8353290818347, "cs2_CSE_33": 1555.880610849008, "n_CSE_34_u": 1567.5278177396794, "cs2_CSE_34": 1521.489116997384, "n_CSE_35_u": 1526.2487425854868,