{"10": {"E_sym": 6530.337825375891, "L_sym": 6022.679369880352, "K_sym": 5902.398278863481, "Q_sym": 6352.686579869572, "Z_sym": 6865.254299117171, "K_sat": 5976.531291551741, "Q_sat": 6953.587074577948, "Z_sat": 6322.965594378479, "nbreak": 6166.903513370645, "n_CSE_0_u": 6024.273590356878, "cs2_CSE_0": 5374.973712844926, "n_CSE_1_u": 5816.0977552807835, "cs2_CSE_1": 6332.737126863468, "n_CSE_2_u": 5638.145223469774, "cs2_CSE_2": 6189.946859768056, "n_CSE_3_u": 5803.776583873165, "cs2_CSE_3": 7076.998950930925, "n_CSE_4_u": 4930.457856358689, "cs2_CSE_4": 7091.975154615628, "n_CSE_5_u": 6336.904502092061, "cs2_CSE_5": 6018.2103211070125, "n_CSE_6_u": 6044.847611354608, "cs2_CSE_6": 6273.074980077581, "n_CSE_7_u": 6573.517358447408, "cs2_CSE_7": 5923.784184384933, "n_CSE_8_u": 5614.260050297519, "cs2_CSE_8": 5803.537495043088, "n_CSE_9_u": 7295.597590564617, "cs2_CSE_9": 6885.788899468121, "cs2_CSE_10": 6345.072293319999, "mass_1_GW170817": 6233.450958651668, "mass_2_GW170817": 6142.127625832109, "mass_J0030": 6129.4985105445585, "mass_J0740": 5819.922836654979, "runtime": 5378.0}, "20": {"E_sym": 2477.6639878554374, "L_sym": 2550.858817006615, "K_sym": 2405.435697238581, "Q_sym": 2521.0844929351215, "Z_sym": 2548.75862519414, "K_sat": 2539.122580545168, "Q_sat": 2588.8079609700803, "Z_sat": 2439.229771711653, "nbreak": 2599.837935010762, "n_CSE_0_u": 2584.3062250440234, "cs2_CSE_0": 2467.2827566782357, "n_CSE_1_u": 2693.918069929463, "cs2_CSE_1": 2671.4022433927557, "n_CSE_2_u": 2493.241844061454, "cs2_CSE_2": 2482.6377646781402, "n_CSE_3_u": 2482.9726774949563, "cs2_CSE_3": 2547.7929166687577, "n_CSE_4_u": 2535.0228187362386, "cs2_CSE_4": 2674.3903245856004, "n_CSE_5_u": 2581.56725156794, "cs2_CSE_5": 2629.7203505566677, "n_CSE_6_u": 2544.4563504024673, "cs2_CSE_6": 2330.199357077637, "n_CSE_7_u": 2518.0083005182573, "cs2_CSE_7": 2542.823138719393, "n_CSE_8_u": 2669.720607463158, "cs2_CSE_8": 2498.451307957007, "n_CSE_9_u": 2573.1872224695085, "cs2_CSE_9": 2627.6192732247537, "n_CSE_10_u": 2632.296218526486, "cs2_CSE_10": 2484.7451906169854, "n_CSE_11_u": 2562.534927172467, "cs2_CSE_11": 2434.594895175235, "n_CSE_12_u": 2588.527925222352, "cs2_CSE_12": 2549.9568937120966, "n_CSE_13_u": 2499.855098108778, "cs2_CSE_13": 2460.9956621622046, "n_CSE_14_u": 2503.9437097313507, "cs2_CSE_14": 2540.246897847007, "n_CSE_15_u": 2487.897332699261, "cs2_CSE_15": 2562.899359115818, "n_CSE_16_u": 2666.750038400239, "cs2_CSE_16": 2547.954384934573, "n_CSE_17_u": 2408.2219339056346, "cs2_CSE_17": 2628.8440523725953, "n_CSE_18_u": 2483.3220259064524, "cs2_CSE_18": 2519.2458621424053, "n_CSE_19_u": 2637.37926774596, "cs2_CSE_19": 2524.611285334448, "cs2_CSE_20": 2481.5028806883292, "mass_1_GW170817": 2313.6072251779215, "mass_2_GW170817": 2276.940676667487, "mass_J0030": 2562.184863675263, "mass_J0740": 2540.670456344456, "runtime": 5573.0}, "30": {"E_sym": 1756.0059980090364, "L_sym": 1819.66110385648, "K_sym": 1792.2598283408092, "Q_sym": 1824.5019637960872, "Z_sym": 1743.5289310455191, "K_sat": 1788.233692773371, "Q_sat": 1733.1935555978966, "Z_sat": 1738.6487009142347, "nbreak": 1848.8338443868101, "n_CSE_0_u": 1826.95304661428, "cs2_CSE_0": 1748.3733886041473, "n_CSE_1_u": 1799.1209369404075, "cs2_CSE_1": 1782.4939563929743, "n_CSE_2_u": 1799.9134751300912, "cs2_CSE_2": 1727.3249972591977, "n_CSE_3_u": 1710.7989828008313, "cs2_CSE_3": 1783.8954179198786, "n_CSE_4_u": 1826.7511167400903, "cs2_CSE_4": 1748.151286169508, "n_CSE_5_u": 1713.1956599012058, "cs2_CSE_5": 1836.1120110600543, "n_CSE_6_u": 1778.7501182312412, "cs2_CSE_6": 1745.5642440604843, "n_CSE_7_u": 1763.5936437349299, "cs2_CSE_7": 1805.7618784987578, "n_CSE_8_u": 1738.2668967849618, "cs2_CSE_8": 1812.3889429111155, "n_CSE_9_u": 1819.3691625707872, "cs2_CSE_9": 1774.9196270103803, "n_CSE_10_u": 1759.661570089641, "cs2_CSE_10": 1771.5231880157141, "n_CSE_11_u": 1839.4710526243252, "cs2_CSE_11": 1773.7877051906175, "n_CSE_12_u": 1785.2537219685075, "cs2_CSE_12": 1669.9701946993275, "n_CSE_13_u": 1768.1837647304046, "cs2_CSE_13": 1836.1910025371362, "n_CSE_14_u": 1781.2254500142396, "cs2_CSE_14": 1815.938204491751, "n_CSE_15_u": 1810.7923863608105, "cs2_CSE_15": 1748.7116469518278, "n_CSE_16_u": 1779.1373362119682, "cs2_CSE_16": 1765.0072882824136, "n_CSE_17_u": 1780.972652072928, "cs2_CSE_17": 1769.2974800916243, "n_CSE_18_u": 1789.9531342454675, "cs2_CSE_18": 1758.9755476349542, "n_CSE_19_u": 1774.956426381105, "cs2_CSE_19": 1761.0857182089342, "n_CSE_20_u": 1830.6537018815839, "cs2_CSE_20": 1741.4128833830628, "n_CSE_21_u": 1770.5957108053317, "cs2_CSE_21": 1770.6400595634946, "n_CSE_22_u": 1894.1115102228985, "cs2_CSE_22": 1757.7964669189307, "n_CSE_23_u": 1734.6169451788853, "cs2_CSE_23": 1733.3556778779077, "n_CSE_24_u": 1766.548957124118, "cs2_CSE_24": 1753.0907282482872, "n_CSE_25_u": 1780.496085063494, "cs2_CSE_25": 1738.2825159174652, "n_CSE_26_u": 1766.041832052021, "cs2_CSE_26": 1750.5165596034901, "n_CSE_27_u": 1771.756060192011, "cs2_CSE_27": 1844.5565282853217, "n_CSE_28_u": 1766.2123227296916, "cs2_CSE_28": 1768.3252991297873, "n_CSE_29_u": 1766.9667572172386, "cs2_CSE_29": 1756.354008103265, "cs2_CSE_30": 1790.7230382918335, "mass_1_GW170817": 1780.951766674671, "mass_2_GW170817": 1760.8384086028464, "mass_J0030": 1769.3050863528752, "mass_J0740": 1739.5783725004887, "runtime": 5696.0}, "40": {"E_sym": 1519.9482732091462, "L_sym": 1482.3540489430586, "K_sym": 1526.109279869533, "Q_sym": 1529.577165649165, "Z_sym": 1549.4478612363157, "K_sat": 1506.7524775038314, "Q_sat": 1530.5401830778544, "Z_sat": 1561.1333600380276, "nbreak": 1517.6347407169915, "n_CSE_0_u": 1526.8827300087767, "cs2_CSE_0": 1520.9448592659248, "n_CSE_1_u": 1552.0460861424158, "cs2_CSE_1": 1508.0574778706207, "n_CSE_2_u": 1578.4234760759107, "cs2_CSE_2": 1533.6446851851692, "n_CSE_3_u": 1537.434863687238, "cs2_CSE_3": 1532.8316622216837, "n_CSE_4_u": 1556.6927642312098, "cs2_CSE_4": 1540.8553047237954, "n_CSE_5_u": 1597.3688420023097, "cs2_CSE_5": 1558.4580362635834, "n_CSE_6_u": 1521.2399650148357, "cs2_CSE_6": 1548.777656226262, "n_CSE_7_u": 1562.188758491554, "cs2_CSE_7": 1529.9667268176743, "n_CSE_8_u": 1538.8656654814777, "cs2_CSE_8": 1526.7020831473922, "n_CSE_9_u": 1508.7731432617493, "cs2_CSE_9": 1510.1891049173387, "n_CSE_10_u": 1559.6958392010526, "cs2_CSE_10": 1521.9942222748919, "n_CSE_11_u": 1517.773362603929, "cs2_CSE_11": 1526.331044978303, "n_CSE_12_u": 1532.5645799584936, "cs2_CSE_12": 1503.5021850560431, "n_CSE_13_u": 1485.3991494581098, "cs2_CSE_13": 1548.7143155458232, "n_CSE_14_u": 1520.0519534891848, "cs2_CSE_14": 1549.3474632130394, "n_CSE_15_u": 1501.7889626424435, "cs2_CSE_15": 1561.336916265044, "n_CSE_16_u": 1521.7813541017854, "cs2_CSE_16": 1470.6687056193716, "n_CSE_17_u": 1545.747152811879, "cs2_CSE_17": 1555.1335707797016, "n_CSE_18_u": 1533.2639536070108, "cs2_CSE_18": 1554.018240350256, "n_CSE_19_u": 1517.7638998150424, "cs2_CSE_19": 1506.7597360296531, "n_CSE_20_u": 1545.5210591874109, "cs2_CSE_20": 1534.793417262081, "n_CSE_21_u": 1528.997364288645, "cs2_CSE_21": 1551.007317489255, "n_CSE_22_u": 1561.67874834106, "cs2_CSE_22": 1546.3293620932716, "n_CSE_23_u": 1570.7975354871037, "cs2_CSE_23": 1504.9668342012053, "n_CSE_24_u": 1522.2832999644177, "cs2_CSE_24": 1534.149173900079, "n_CSE_25_u": 1547.7907738699737, "cs2_CSE_25": 1481.8808677171937, "n_CSE_26_u": 1529.5892539687184, "cs2_CSE_26": 1536.5741481605462, "n_CSE_27_u": 1499.2410518080687, "cs2_CSE_27": 1526.1988078718168, "n_CSE_28_u": 1540.4114394451235, "cs2_CSE_28": 1517.8961924573205, "n_CSE_29_u": 1497.0370944862414, "cs2_CSE_29": 1514.464773419906, "n_CSE_30_u": 1557.2101986723515, "cs2_CSE_30": 1560.9798402834238, "n_CSE_31_u": 1549.4653341204819, "cs2_CSE_31": 1536.3575022282166, "n_CSE_32_u": 1552.0911946130566, "cs2_CSE_32": 1587.730382206471, "n_CSE_33_u": 1530.8619157179503, "cs2_CSE_33": 1515.970297327773, "n_CSE_34_u": 1569.8010580154635, "cs2_CSE_34": 1531.5322447974029, "n_CSE_35_u": 1579.1323112017512,