{"E_sym": [33.133667384801285, 37.238684029221254, 36.121811028072344, 33.33491129339041, 37.068595510589624, 36.71495317277185, 36.29507778180691, 36.834951263564214, 37.347198382433774, 36.614082608261675, 37.066792400425975, 36.43482492216309, 32.95811758600381, 37.26978768970598, 36.71136655182636, 36.19108363647717, 33.23119076786954, 36.720096647755334, 33.17674652006007, 36.40851837806805, 36.72793499671689, 33.485342459081224, 36.190581480039114, 37.34599134707456, 33.302245923887654, 32.546656973718584, 34.37964659564876, 36.918102789352524, 33.40577486578991, 36.366767488431876, 36.82914041325251, 36.720077265521574, 37.16452022929642, 45.13733756879935, 43.266027030520284, 36.21791711911381, 36.27532969601431, 30.489177864665866, 38.135142277625576, 36.342352266519384, 33.3467195186624, 36.49397992751998, 37.320174917124, 33.50473249158096, 37.37165734509778, 36.619584042531415, 30.557462601986725, 37.63978834226219, 31.30113727234611, 46.26944365495105, 36.7699557427398, 37.21307063150462, 37.34430315713786, 36.36354514995489, 36.62889476140064, 36.27688693486987, 33.09971963456578, 33.20321311857538, 37.20435521176087, 36.844976327889135, 36.29894685259671, 37.32356910269833, 32.615021129936345, 36.82678555112061, 35.064986752958035, 32.59068176197384, 36.220914900156025, 30.86768396856307, 31.77763500082973, 36.263547906512294, 33.40864967637022, 36.970392734885465, 33.38748606332871, 36.812515638856645, 33.39641206891684, 33.468697378322105, 34.12603355074246, 37.033399023875425, 30.22940602578191, 35.91272565906424, 36.29809028635446, 36.2986018628335, 32.56329908640695, 36.87178348372302, 33.40844995564791, 34.91251319676737, 36.15364799340121, 35.90126098535032, 33.203283225129155, 37.292381645098274, 36.714796508622854, 36.435969819745296, 37.046933995183885, 36.534101917422184, 34.23416325717792, 36.205965076896426, 36.83266944285925, 33.29917414528596, 36.215676265729236, 32.77445894091986], "L_sym": [67.59131406194362, 73.66375068823582, 71.75440480572153, 67.52700597611513, 73.31467347004383, 72.6101760525225, 72.23040888249511, 72.90088524400753, 73.73911435297221, 72.59821962822365, 73.1718658676016, 72.33098985458474, 66.85675374219402, 73.49774745705412, 72.83760523155074, 72.03749327422607, 67.38098512598897, 73.01067226177273, 67.18401312096762, 72.35898148504616, 72.76400723961476, 67.79866267940503, 71.95628155433113, 73.77608747050131, 67.28860419831369, 66.41152697632567, 69.12251674468286, 73.15259173411637, 67.43261886402865, 72.3342788148136, 72.91866579829178, 72.52485575118148, 73.50809594984193, 84.11471665832192, 81.24358557869866, 71.76757251972634, 72.28043718680838, 64.4820201734722, 74.17825774295089, 72.1297346869836, 67.4955993466587, 72.48297128509691, 73.73064760401513, 67.62404804741071, 73.7689123642679, 72.63361280514903, 64.88451061219344, 74.18274444170025, 65.75839254198037, 86.38445572398305, 72.83172706191125, 73.59419130318538, 73.64685305497026, 72.34843392383038, 71.90701673207656, 72.03418572630208, 67.92386803505549, 67.21483860931002, 73.67539639247535, 73.08638955564476, 72.21709796005254, 73.63900901192973, 66.47584560814362, 72.79734621763718, 69.8622891554999, 66.40996909434567, 72.01847999455327, 65.16553993844035, 65.6086395941499, 72.24495864945939, 67.4626442661023, 73.21860058372503, 67.51606063416311, 73.02883613670812, 67.65756566800813, 68.02141200644695, 69.3330000222384, 73.11192584141297, 64.4047857667725, 70.89800532275333, 72.13209154899788, 72.15163605662049, 66.54718647526897, 72.9432865311675, 67.41777329160274, 70.13958441262504, 71.78949880993471, 71.52645132760601, 67.32655238114798, 73.70158978021469, 72.71305795856328, 72.28508327898959, 73.24410504437543, 72.58719846132433, 69.00443079359002, 71.816834397772, 72.90992072218329, 67.37779296048846, 71.94087858988836, 66.68819609122673], "K_sym": [50.0, 50.0, 50.0, 50.0, 50.0, 50.0, 50.0, 50.0, 50.0, 50.0, 50.0, 50.0, 50.0, 50.0, 50.0, 50.0, 50.0, 50.0, 50.0, 50.0, 50.0, 50.0, 50.0, 50.0, 50.0, 50.0, 50.0, 50.0, 50.0, 50.0, 50.0, 50.0, 50.0, 50.0, 50.0, 50.0, 50.0, 50.0, 50.0, 50.0, 50.0, 50.0, 50.0, 50.0, 50.0, 50.0, 50.0, 50.0, 50.0, 50.0, 50.0, 50.0, 50.0, 50.0, 50.0, 50.0, 50.0, 50.0, 50.0, 50.0, 50.0, 50.0, 50.0, 50.0, 50.0, 50.0, 50.0, 50.0, 50.0, 50.0, 50.0, 50.0, 50.0, 50.0, 50.0, 50.0, 50.0, 50.0, 50.0, 50.0, 50.0, 50.0, 50.0, 50.0, 50.0, 50.0, 50.0, 50.0, 50.0, 50.0, 50.0, 50.0, 50.0, 50.0, 50.0, 50.0, 50.0, 50.0, 50.0, 50.0], "Q_sym": [10.0, 10.0, 10.0, 10.0, 10.0, 10.0, 10.0, 10.0, 10.0, 10.0, 10.0, 10.0, 10.0, 10.0, 10.0, 10.0, 10.0, 10.0, 10.0, 10.0, 10.0, 10.0, 10.0, 10.0, 10.0, 10.0, 10.0, 10.0, 10.0, 10.0, 10.0, 10.0, 10.0, 10.0, 10.0, 10.0, 10.0, 10.0, 10.0, 10.0, 10.0, 10.0, 10.0, 10.0, 10.0, 10.0, 10.0, 10.0, 10.0, 10.0, 10.0, 10.0, 10.0, 10.0, 10.0, 10.0, 10.0, 10.0, 10.0, 10.0, 10.0, 10.0, 10.0, 10.0, 10.0, 10.0, 10.0, 10.0, 10.0, 10.0, 10.0, 10.0, 10.0, 10.0, 10.0, 10.0, 10.0, 10.0, 10.0, 10.0, 10.0, 10.0, 10.0, 10.0, 10.0, 10.0, 10.0, 10.0, 10.0, 10.0, 10.0, 10.0, 10.0, 10.0, 10.0, 10.0, 10.0, 10.0, 10.0, 10.0], "Z_sym": [10.0, 10.0, 10.0, 10.0, 10.0, 10.0, 10.0, 10.0, 10.0, 10.0, 10.0, 10.0, 10.0, 10.0, 10.0, 10.0, 10.0, 10.0, 10.0, 10.0, 10.0, 10.0, 10.0, 10.0, 10.0, 10.0, 10.0, 10.0, 10.0, 10.0, 10.0, 10.0, 10.0, 10.0, 10.0, 10.0, 10.0, 10.0, 10.0, 10.0, 10.0, 10.0, 10.0, 10.0, 10.0, 10.0, 10.0, 10.0, 10.0, 10.0, 10.0, 10.0, 10.0, 10.0, 10.0, 10.0, 10.0, 10.0, 10.0, 10.0, 10.0, 10.0, 10.0, 10.0, 10.0, 10.0, 10.0, 10.0, 10.0, 10.0, 10.0, 10.0, 10.0, 10.0, 10.0, 10.0, 10.0, 10.0, 10.0, 10.0, 10.0, 10.0, 10.0, 10.0, 10.0, 10.0, 10.0, 10.0, 10.0, 10.0, 10.0, 10.0, 10.0, 10.0, 10.0, 10.0, 10.0, 10.0, 10.0, 10.0], "K_sat": [200.0, 200.0, 200.0, 200.0, 200.0, 200.0, 200.0, 200.0, 200.0, 200.0, 200.0, 200.0, 200.0, 200.0, 200.0, 200.0, 200.0, 200.0, 200.0, 200.0, 200.0, 200.0, 200.0, 200.0, 200.0, 200.0, 200.0, 200.0, 200.0, 200.0, 200.0, 200.0, 200.0, 200.0, 200.0, 200.0, 200.0, 200.0, 200.0, 200.0, 200.0, 200.0, 200.0, 200.0, 200.0, 200.0, 200.0, 200.0, 200.0, 200.0, 200.0, 200.0, 200.0, 200.0, 200.0, 200.0, 200.0, 200.0, 200.0, 200.0, 200.0, 200.0, 200.0, 200.0, 200.0, 200.0, 200.0, 200.0, 200.0, 200.0, 200.0, 200.0, 200.0, 200.0, 200.0, 200.0, 200.0, 200.0, 200.0, 200.0, 200.0, 200.0, 200.0, 200.0, 200.0, 200.0, 200.0, 200.0, 200.0, 200.0, 200.0, 200.0, 200.0, 200.0, 200.0, 200.0, 200.0, 200.0, 200.0, 200.0], "Q_sat": [10.0, 10.0, 10.0, 10.0, 10.0, 10.0, 10.0, 10.0, 10.0, 10.0, 10.0, 10.0, 10.0, 10.0, 10.0, 10.0, 10.0, 10.0, 10.0, 10.0, 10.0, 10.0, 10.0, 10.0, 10.0, 10.0, 10.0, 10.0, 10.0, 10.0, 10.0, 10.0, 10.0, 10.0, 10.0, 10.0, 10.0, 10.0, 10.0, 10.0, 10.0, 10.0, 10.0, 10.0, 10.0, 10.0, 10.0, 10.0, 10.0, 10.0, 10.0, 10.0, 10.0, 10.0, 10.0, 10.0, 10.0, 10.0, 10.0, 10.0, 10.0, 10.0, 10.0, 10.0, 10.0, 10.0, 10.0, 10.0, 10.0, 10.0, 10.0, 10.0, 10.0, 10.0, 10.0, 10.0, 10.0, 10.0, 10.0, 10.0, 10.0, 10.0, 10.0, 10.0, 10.0, 10.0, 10.0, 10.0, 10.0, 10.0, 10.0, 10.0, 10.0, 10.0, 10.0, 10.0, 10.0, 10.0, 10.0, 10.0], "Z_sat": [10.0, 10.0, 10.0, 10.0, 10.0, 10.0, 10.0, 10.0, 10.0, 10.0, 10.0, 10.0, 10.0, 10.0, 10.0, 10.0, 10.0, 10.0, 10.0, 10.0, 10.0, 10.0, 10.0, 10.0, 10.0, 10.0, 10.0, 10.0, 10.0, 10.0, 10.0, 10.0, 10.0, 10.0, 10.0, 10.0, 10.0, 10.0, 10.0, 10.0, 10.0, 10.0, 10.0, 10.0, 10.0, 10.0, 10.0, 10.0, 10.0, 10.0, 10.0, 10.0, 10.0, 10.0, 10.0, 10.0, 10.0, 10.0, 10.0, 10.0, 10.0, 10.0, 10.0, 10.0, 10.0, 10.0, 10.0, 10.0, 10.0, 10.0, 10.0, 10.0, 10.0, 10.0, 10.0, 10.0, 10.0, 10.0, 10.0, 10.0, 10.0, 10.0, 10.0, 10.0, 10.0, 10.0, 10.0, 10.0, 10.0, 10.0, 10.0, 10.0, 10.0, 10.0, 10.0, 10.0, 10.0, 10.0, 10.0, 10.0]}