{"E_sym": [35.0, 35.0, 35.0, 35.0, 35.0, 35.0, 35.0, 35.0, 35.0, 35.0, 35.0, 35.0, 35.0, 35.0, 35.0, 35.0, 35.0, 35.0, 35.0, 35.0, 35.0, 35.0, 35.0, 35.0, 35.0, 35.0, 35.0, 35.0, 35.0, 35.0, 35.0, 35.0, 35.0, 35.0, 35.0, 35.0, 35.0, 35.0, 35.0, 35.0, 35.0, 35.0, 35.0, 35.0, 35.0, 35.0, 35.0, 35.0, 35.0, 35.0, 35.0, 35.0, 35.0, 35.0, 35.0, 35.0, 35.0, 35.0, 35.0, 35.0, 35.0, 35.0, 35.0, 35.0, 35.0, 35.0, 35.0, 35.0, 35.0, 35.0, 35.0, 35.0, 35.0, 35.0, 35.0, 35.0, 35.0, 35.0, 35.0, 35.0], "L_sym": [70.03314366806215, 71.3736808397898, 71.10876558158736, 68.09536134304017, 71.46246578750552, 71.40450778528412, 70.16633740951075, 69.20272449863195, 71.71469900734206, 70.80283615686339, 70.51523760926426, 72.22334868796872, 68.62021773018286, 68.30021383651123, 70.09461295553095, 71.18752103076868, 70.99838958812589, 70.8574396427566, 71.5106935775315, 70.4345744643354, 70.36081640284472, 70.20337350155845, 69.68577024865772, 70.69109421045748, 70.56601954349892, 71.28754478988641, 68.39665854359218, 71.63703786338554, 69.83644382008418, 71.34569529998994, 71.33608625936836, 70.77092333363396, 71.40834054901008, 69.24963915484136, 71.48619887890484, 71.2363129406834, 68.96320821532052, 68.66427566757977, 70.81835091577834, 70.76708907929047, 69.87676079204564, 71.35455805915458, 70.39934853847018, 71.2279022548049, 71.32368402180552, 69.61615991746721, 71.57377407556302, 70.71364965266037, 70.52608260539812, 69.96667098925248, 71.15285019408938, 71.40327039962894, 70.32758883818519, 69.75225321163352, 70.29887694040377, 71.48289132166532, 69.09936093000687, 71.05794439169541, 69.35078119390374, 69.56631892153666, 70.6556876363006, 70.21925965796518, 71.28020726840239, 69.72902274103575, 70.34433985365841, 70.44842006349543, 70.6350363964976, 69.93972746262139, 71.58257185282675, 71.48504485737475, 70.93364242285209, 71.52438643756483, 70.10510295043659, 70.69898340553759, 69.3788115207619, 71.57410423569064, 70.74724144948343, 71.434657259259, 70.86416173326649, 70.54779919379854], "K_sym": [-117.69688055798538, -50.03681414520059, -96.26961367221574, -157.87217732583417, -37.56856272764037, -51.35541463049514, -69.5507341404173, -151.02826365853784, -14.804439472048339, 10.683738877723474, -64.623308390344, -7.169426560397536, -151.74593126935935, -159.80232386906698, 72.24742017436282, -35.180547166970435, -27.789572033652703, 5.534105969899258, -33.54608480468078, 21.928844221010152, -107.70477908515949, -57.995465196464096, -121.65893066927973, -74.34954584916605, -55.30284982675256, -13.452364331188026, -164.48786811912743, -20.17626868298523, -131.24889957713842, -86.99941675667772, 4.58961295273889, 3.7029992690794407, 49.5847991646244, -135.46234684262333, -46.64708646475284, -58.18672670544974, 98.07478205150443, 91.52678162324287, -92.86502081526031, -49.88004362409876, -136.15390293701648, -60.84553820855315, -102.35198659951243, -24.412244240922867, 2.6732210911100847, 73.59219092175012, -28.350370551861538, -83.68106683086857, 35.44446656866136, -111.86469093292065, -5.99263565362463, -54.22426780161902, 58.11690948999812, -119.79254930450959, -86.92352114880661, -66.8132056634598, -153.94269973200952, -12.890320363979523, -143.49083956790471, 32.90832692412407, -98.74287192854034, 45.08660572611046, -30.635536153905594, -132.5475113806805, 25.868268619926546, -102.1063608666448, -61.40871618963832, -126.19913742864422, -54.30659745060977, -54.78462329328157, -77.9101405586581, -77.07198229904736, -118.46685621381408, -90.3633809984371, 52.03621387933826, -23.691147723584972, -32.34861340918522, -1.4913855646030751, 16.597994564235695, -8.086686583803457], "Q_sym": [10.0, 10.0, 10.0, 10.0, 10.0, 10.0, 10.0, 10.0, 10.0, 10.0, 10.0, 10.0, 10.0, 10.0, 10.0, 10.0, 10.0, 10.0, 10.0, 10.0, 10.0, 10.0, 10.0, 10.0, 10.0, 10.0, 10.0, 10.0, 10.0, 10.0, 10.0, 10.0, 10.0, 10.0, 10.0, 10.0, 10.0, 10.0, 10.0, 10.0, 10.0, 10.0, 10.0, 10.0, 10.0, 10.0, 10.0, 10.0, 10.0, 10.0, 10.0, 10.0, 10.0, 10.0, 10.0, 10.0, 10.0, 10.0, 10.0, 10.0, 10.0, 10.0, 10.0, 10.0, 10.0, 10.0, 10.0, 10.0, 10.0, 10.0, 10.0, 10.0, 10.0, 10.0, 10.0, 10.0, 10.0, 10.0, 10.0, 10.0], "Z_sym": [10.0, 10.0, 10.0, 10.0, 10.0, 10.0, 10.0, 10.0, 10.0, 10.0, 10.0, 10.0, 10.0, 10.0, 10.0, 10.0, 10.0, 10.0, 10.0, 10.0, 10.0, 10.0, 10.0, 10.0, 10.0, 10.0, 10.0, 10.0, 10.0, 10.0, 10.0, 10.0, 10.0, 10.0, 10.0, 10.0, 10.0, 10.0, 10.0, 10.0, 10.0, 10.0, 10.0, 10.0, 10.0, 10.0, 10.0, 10.0, 10.0, 10.0, 10.0, 10.0, 10.0, 10.0, 10.0, 10.0, 10.0, 10.0, 10.0, 10.0, 10.0, 10.0, 10.0, 10.0, 10.0, 10.0, 10.0, 10.0, 10.0, 10.0, 10.0, 10.0, 10.0, 10.0, 10.0, 10.0, 10.0, 10.0, 10.0, 10.0], "K_sat": [308.7507918418902, 259.9975992285914, 291.78041045206845, 341.9769999964283, 252.11419948165653, 260.9776979833085, 275.3206763498583, 334.3436600059408, 236.96666135084595, 222.49867969774743, 271.64862665963705, 231.1010876859054, 336.05741760248696, 342.51653784896945, 186.80804871114844, 250.81239154719464, 246.47824722387023, 225.55492086661965, 249.25400423787244, 216.3080838189015, 301.0871902581418, 267.386214202506, 312.20415199611483, 277.47930221089905, 265.19515490584445, 236.82768752688844, 346.1834507068845, 240.31202128388483, 318.8828010384269, 285.0899150490925, 225.49340721012896, 226.7273701176977, 198.27005539856123, 322.91152781500097, 257.7574625462826, 266.0006749514681, 173.71122656981018, 177.83537901410048, 290.19217018527877, 261.22121676392067, 322.06706415005374, 267.4566065365242, 297.3454038752703, 243.97342638218143, 226.69667371881852, 186.7685948959479, 245.94362619263555, 283.81718261374914, 207.95202735304463, 304.63939720906035, 232.3007880145272, 262.9660618753454, 194.70630308306306, 310.58756859225247, 286.96421571832127, 271.1812512385468, 336.9635603357669, 236.85277764081206, 328.6973053373513, 210.779608042338, 294.32083372976075, 202.4505722979594, 247.83902227711863, 319.94016256649564, 213.9140872662274, 296.99494875974705, 269.11412555303855, 314.91255450622447, 262.75592670079044, 263.15610633360603, 279.51955032381954, 278.31460526189846, 309.21734245783597, 288.3402184171262, 199.57943454560834, 242.76337801848823, 249.8476668206076, 229.33557819235324, 218.77447797757534, 234.52152593861476], "Q_sat": [10.0, 10.0, 10.0, 10.0, 10.0, 10.0, 10.0, 10.0, 10.0, 10.0, 10.0, 10.0, 10.0, 10.0, 10.0, 10.0, 10.0, 10.0, 10.0, 10.0, 10.0, 10.0, 10.0, 10.0, 10.0, 10.0, 10.0, 10.0, 10.0, 10.0, 10.0, 10.0, 10.0, 10.0, 10.0, 10.0, 10.0, 10.0, 10.0, 10.0, 10.0, 10.0, 10.0, 10.0, 10.0, 10.0, 10.0, 10.0, 10.0, 10.0, 10.0, 10.0, 10.0, 10.0, 10.0, 10.0, 10.0, 10.0, 10.0, 10.0, 10.0, 10.0, 10.0, 10.0, 10.0, 10.0, 10.0, 10.0, 10.0, 10.0, 10.0, 10.0, 10.0, 10.0, 10.0, 10.0, 10.0, 10.0, 10.0, 10.0], "Z_sat": [10.0, 10.0, 10.0, 10.0, 10.0, 10.0, 10.0, 10.0, 10.0, 10.0, 10.0, 10.0, 10.0, 10.0, 10.0, 10.0, 10.0, 10.0, 10.0, 10.0, 10.0, 10.0, 10.0, 10.0, 10.0, 10.0, 10.0, 10.0, 10.0, 10.0, 10.0, 10.0, 10.0, 10.0, 10.0, 10.0, 10.0, 10.0, 10.0, 10.0, 10.0, 10.0, 10.0, 10.0, 10.0, 10.0, 10.0, 10.0, 10.0, 10.0, 10.0, 10.0, 10.0, 10.0, 10.0, 10.0, 10.0, 10.0, 10.0, 10.0, 10.0, 10.0, 10.0, 10.0, 10.0, 10.0, 10.0, 10.0, 10.0, 10.0, 10.0, 10.0, 10.0, 10.0, 10.0, 10.0, 10.0, 10.0, 10.0, 10.0]}