{"E_sym": [64.92204167790013, 112.27821739298963, 85.4443133653637, 122.73813186804821, 61.37440601657115, 59.449977347807476, 67.2444331582905, 63.85079556583391, 57.79330129828474, 133.47830235221394, 116.10235525531122, 29.553364503652734, 58.694181295980904, 58.707531321690674, 21.60881881970679, 101.58706520843356, 63.3199262192989, 30.827409505125768, 15.58854348823814, 76.72388317646553, 67.18216110068445, 103.16346942125519, 49.79915074559999, 88.85113220862279, 65.91631242082573, 44.80029095563188, 60.02828161036417, 71.17825572396511, 59.551260716911855, 36.96625291235417, 89.27090359421848, 56.71245447550193, 20.69532203754424, 22.85252067911937, 48.17913990422759, 66.86200749158338, 92.10817775431859, 121.61097474969053, 101.62266709044752, 89.13596169848716, 27.7549742261947, 12.825500541336163, 76.90117176627773, 56.17502078525638, 65.75449997299921, 69.15973259645052, 57.21781195336441, 63.4199583299403, 63.660427886752764, 79.20642688394783, 83.18450897202969, 12.528653116991268, 27.00010195019499, 47.76884206193386, 109.06189965098721, 51.58811488663677, 115.15020447947177, 56.51478114322151, 81.0642099862992, 50.29703400423559, 99.09643485385675, 41.78674161179212, 84.54186772466326, 51.773276341103454, 69.30844555973528, 67.6812563557666, 50.602677013541765, 59.450161497432, 45.72847910930286, 14.746407966008345, 66.00637167254636, 43.85615218107589, 20.871561859328022, 60.53420801369949, 34.17601906175281, 66.91615621513066, 50.72863441866815, 57.312749919531164, 47.39466790325132, 95.16476806124487, 52.65397852493916, 67.61123338450176, 73.94845887764498, 99.2369917745555, 67.20668818073345, 74.14988294548492, 36.613260370205566, 31.157904784049848, 88.4433104718899, 71.37564616886037, 69.28983876401865, 83.09557027982106, 47.17909796026924, 40.41218362301163, 78.06475254348194, 31.960334241778437, 91.41679459955097, 111.65662979811904, 38.97966129676016], "L_sym": [82.23094783555524, 95.13941510974885, 95.85291164064728, 90.78550246339329, 90.63108574601326, 87.95051745943609, 87.03798308526544, 85.6018663366989, 86.2595203349516, 92.0854335504709, 93.38503197920089, 65.65806836816928, 85.80285702381505, 86.09390655956489, 60.975521762118994, 94.57555943207213, 82.99089766176277, 69.59655754990679, 58.3753569801362, 92.25531837445163, 90.04658165721935, 94.93354744497334, 81.33616509584073, 93.724514354127, 89.02134826629168, 78.45170176538234, 86.55345976625367, 93.51087679235364, 86.92994847288284, 73.58780427036609, 91.84961348434493, 86.7994867543214, 62.688393399510645, 63.819926084177546, 79.51596542133174, 90.6632149437669, 94.65421615909524, 93.88522947059106, 95.93829368247403, 93.7894825493519, 66.58702046243582, 55.04792742831771, 93.85422049275864, 85.59733650467439, 90.21704805473632, 84.31935908390106, 83.56826542709722, 77.98932278530211, 88.78349556673224, 92.72075934659469, 96.54815431557208, 58.71965339081558, 62.775773080140354, 80.80069661418104, 94.60827750041788, 83.1146794232986, 90.50928793237671, 84.99330631287232, 95.80169504131443, 81.50054415427998, 94.04677718035401, 76.93704242760944, 95.26248804246819, 83.36833901758729, 90.1441899367575, 89.80443162547202, 82.80224598954814, 83.43927857539727, 81.83824348798197, 59.902669776610296, 95.32105179660769, 85.75949887373434, 62.199456267951184, 78.93193990687456, 70.03629019861545, 88.38830299816773, 91.42762788466793, 85.64344071958244, 80.24418627501784, 93.64236055024617, 77.11739509996683, 89.34959702957383, 94.52667682461184, 89.32950822854764, 90.67922515936198, 92.1565283440362, 72.71424232619987, 71.83733896063889, 92.9138661380737, 91.95516772925002, 93.5735187130739, 94.54470394978466, 78.82117885995697, 75.62772833189054, 93.67586370360155, 69.59855901523899, 94.90147883325186, 95.67921715456272, 74.42202459816423], "K_sym": [-133.81185888126146, -140.84269114675502, -56.48902117022643, -188.37354622578164, -149.7766669659048, 34.592226902138975, 20.91843305478904, 50.97741853571545, -65.94249223638899, -156.1288244268677, -162.77609367811158, -57.29643851443889, 32.20195228488009, 9.465421518694773, 14.40811904321663, -133.47076257825498, -113.62717138672151, -37.27981034128688, -32.60889825175009, -103.52109860795991, -50.534720073621834, -168.0212373292265, 12.419587139055311, -113.13491684947309, -73.08577933456642, -19.955146865896797, -76.66091011091841, 58.46677900777237, 80.23438257262094, -3.776855631020528, -163.90038793852187, 11.083654336158842, -19.195782066008455, -32.6421571956956, 59.44017000487935, -39.109907291381845, -114.16287848678532, -166.70516123540781, -150.9837449902277, -123.5672626894196, 5.448244031356054, -10.291916712296867, -85.9442832392197, 28.008639686239768, -9.46119627342761, -18.214701305119803, 128.70579933283486, 34.395406255074946, 44.39055631349062, -100.51476469477846, -17.0951723340183, -13.64630177845595, 79.27005907582802, -4.403962120770786, -148.32534622303302, -27.04401663017531, -47.043502366199775, 19.443429692255204, -103.70494765378183, 38.47611962476523, -169.1139713048596, -58.45009278560546, -116.72170054017676, -29.511296152374996, -93.44365542799659, 47.464421973248285, -30.67322407387326, 25.767941864678715, -88.05764757717598, -36.94454836575626, -35.1426973082884, 34.83726459580952, 5.571759498899104, 42.46299679581083, 88.95014632611816, -123.81366215110407, -107.30799388363847, 22.150910307334932, -54.10683308980684, -158.0593270105255, -58.130609137027726, -89.96269943058081, -82.26068173331595, -96.06790901637541, 12.016422579144738, -41.90866472274147, 30.39963693756962, -50.01790422321869, -167.73321110311534, -54.87914605753649, -157.03561730133336, -77.18739255971597, -14.02695016571833, -53.526763742355264, -36.25524722587415, -22.70580735798577, -143.80922169302463, -153.2408752312007, -16.4072622167699], "Q_sym": [10.0, 10.0, 10.0, 10.0, 10.0, 10.0, 10.0, 10.0, 10.0, 10.0, 10.0, 10.0, 10.0, 10.0, 10.0, 10.0, 10.0, 10.0, 10.0, 10.0, 10.0, 10.0, 10.0, 10.0, 10.0, 10.0, 10.0, 10.0, 10.0, 10.0, 10.0, 10.0, 10.0, 10.0, 10.0, 10.0, 10.0, 10.0, 10.0, 10.0, 10.0, 10.0, 10.0, 10.0, 10.0, 10.0, 10.0, 10.0, 10.0, 10.0, 10.0, 10.0, 10.0, 10.0, 10.0, 10.0, 10.0, 10.0, 10.0, 10.0, 10.0, 10.0, 10.0, 10.0, 10.0, 10.0, 10.0, 10.0, 10.0, 10.0, 10.0, 10.0, 10.0, 10.0, 10.0, 10.0, 10.0, 10.0, 10.0, 10.0, 10.0, 10.0, 10.0, 10.0, 10.0, 10.0, 10.0, 10.0, 10.0, 10.0, 10.0, 10.0, 10.0, 10.0, 10.0, 10.0, 10.0, 10.0, 10.0], "Z_sym": [10.0, 10.0, 10.0, 10.0, 10.0, 10.0, 10.0, 10.0, 10.0, 10.0, 10.0, 10.0, 10.0, 10.0, 10.0, 10.0, 10.0, 10.0, 10.0, 10.0, 10.0, 10.0, 10.0, 10.0, 10.0, 10.0, 10.0, 10.0, 10.0, 10.0, 10.0, 10.0, 10.0, 10.0, 10.0, 10.0, 10.0, 10.0, 10.0, 10.0, 10.0, 10.0, 10.0, 10.0, 10.0, 10.0, 10.0, 10.0, 10.0, 10.0, 10.0, 10.0, 10.0, 10.0, 10.0, 10.0, 10.0, 10.0, 10.0, 10.0, 10.0, 10.0, 10.0, 10.0, 10.0, 10.0, 10.0, 10.0, 10.0, 10.0, 10.0, 10.0, 10.0, 10.0, 10.0, 10.0, 10.0, 10.0, 10.0, 10.0, 10.0, 10.0, 10.0, 10.0, 10.0, 10.0, 10.0, 10.0, 10.0, 10.0, 10.0, 10.0, 10.0, 10.0, 10.0, 10.0, 10.0, 10.0, 10.0],