{"E_sym": [35.0, 35.0, 35.0, 35.0, 35.0, 35.0, 35.0, 35.0, 35.0, 35.0, 35.0, 35.0, 35.0, 35.0, 35.0, 35.0, 35.0, 35.0, 35.0, 35.0, 35.0, 35.0, 35.0, 35.0, 35.0, 35.0, 35.0, 35.0, 35.0, 35.0, 35.0, 35.0, 35.0, 35.0], "L_sym": [114.37901254241486, 75.60300460855161, 57.82997638936622, 45.92496815265341, 73.50594716237313, 101.48050186151927, 56.87533846714084, 58.57226779432431, 64.88405922994804, 89.42872613154161, 58.7877634173673, 107.9089224342687, 55.984564135499134, 101.84802889922157, 61.987979724602155, 58.87001227995228, 115.81800266080698, 37.18275175204621, 44.46845985785724, 73.01213174165942, 56.303984085679176, 103.7490388799018, 68.92806081867063, 118.98872377723988, 48.95556066184047, 54.56345363240063, 115.94815818640147, 110.76633437999, 70.90604538929645, 113.35213054774185, 53.20569772073193, 91.81428606886979, 114.86671962948614, 61.11833057813529], "K_sym": [-211.42412408055856, -153.377298440151, -67.8868532326071, -12.139028895756041, 43.08060562992456, -86.65913314604568, -133.83555288190558, 5.601083279683355, 21.543442752133494, 71.3422721138619, 24.491829875066525, -102.33441943635871, -80.1998072752144, -152.90002677932333, 23.749724977467583, 86.61720994881735, -140.82409114684594, -40.15512724336052, -36.34563266462885, 66.95959859312653, 19.221913678382116, -59.88372893714921, -29.97477481170993, -176.85805668292124, -23.82858864472575, 61.67063618062364, -11.582697415950756, -174.99165791797216, -7.989325867400788, -67.15767505010808, -39.8023177039021, -31.866185797152163, -68.92619731214343, -31.672845437151558], "Q_sym": [-107.55676459326878, -418.091522411972, 42.30659525856794, -179.15827814052176, -301.79361316478395, -27.856813227911715, 105.8874958606904, -560.6388493437835, -438.16785717214304, -264.0490048608274, -88.15898794118073, 174.69467994918165, 231.93886756909004, 606.263366524904, 241.83102998042864, 203.52183418541938, 63.78986031104755, -366.35127779990967, -515.0901993691061, -362.41371563835224, -336.2064063152081, -408.3987801709483, -430.5172868362552, 175.6866208951122, -427.89777191901874, 355.9191457162744, 452.71784828801685, 617.5904170602333, 274.44852737811533, 258.9941127441322, -101.39079548953502, 651.0760457797473, -8.734360426193506, 205.83607013554112], "Z_sym": [10.0, 10.0, 10.0, 10.0, 10.0, 10.0, 10.0, 10.0, 10.0, 10.0, 10.0, 10.0, 10.0, 10.0, 10.0, 10.0, 10.0, 10.0, 10.0, 10.0, 10.0, 10.0, 10.0, 10.0, 10.0, 10.0, 10.0, 10.0, 10.0, 10.0, 10.0, 10.0, 10.0, 10.0], "K_sat": [223.3625427980695, 311.1321648039312, 319.2144635440522, 322.64907783150085, 193.01368778852782, 190.3361070435315, 368.3565816100326, 266.74451747215164, 232.57440620372267, 133.16111309168895, 254.17082686614626, 181.09235201674122, 333.82150024051623, 228.24060711120757, 242.89937335730906, 211.06177207037808, 179.91493696332685, 375.401892492298, 343.84299067248526, 179.16481901527362, 266.0620576970889, 166.19865691912887, 254.70773796946855, 193.21770304793426, 319.8094507372484, 240.58829914194826, 107.87814627297497, 214.77444650915703, 236.12751510662034, 146.57926655101022, 316.97771290816814, 182.30984692352447, 144.5672466402411, 282.8551125198567], "Q_sat": [532.1649454301543, 403.93426024883274, -156.28283953810478, -126.24693039612612, 242.73509889886395, 336.0628052462583, -196.6888269881911, 272.7563324167183, 261.1685166490207, 366.0879093638589, -62.5794269813095, 278.1461922904734, -307.39583377786647, -54.92427348876879, -234.27146179783338, -224.13725473277307, 417.7191951024369, -62.58164726650615, 136.1510598274841, 283.2128970730438, 83.32327058931826, 595.1068820739441, 291.45311183130343, 364.36678525504766, 94.64686043805892, -373.93569110804407, 241.23473939940249, 38.83547289262499, -172.26210925216756, 287.11609765473503, -109.083491382312, -132.67239319921742, 437.9047043324602, -233.75920473924634], "Z_sat": [10.0, 10.0, 10.0, 10.0, 10.0, 10.0, 10.0, 10.0, 10.0, 10.0, 10.0, 10.0, 10.0, 10.0, 10.0, 10.0, 10.0, 10.0, 10.0, 10.0, 10.0, 10.0, 10.0, 10.0, 10.0, 10.0, 10.0, 10.0, 10.0, 10.0, 10.0, 10.0, 10.0, 10.0]}