{"E_sym": [30.511859866703233, 35.50018156717609, 57.36385615354277, 50.515133096790244, 55.19545272122587, 48.227697926894855, 83.18067309946865, 39.89808638111662, 49.163516605893705, 29.382634895959914, 44.40812363812582, 68.88576498292973, 30.656524928824894, 44.36719222654834, 46.08186408115326, 50.42403862360637, 106.03672024069134, 23.158421988340017, 32.49745720223279, 43.18767666769418, 42.707505185695524, 46.713800889627414, 31.387894845670935, 66.34425903497366, 98.27958904725985, 121.85300016830429, 69.55095843642192, 32.952231617613094, 13.643306418523524, 3.9584471668098784, 101.03624839896818, 21.623935268678398, 20.11990985917719, 71.38797115271684, 37.54601427094683], "L_sym": [67.26950789979708, 79.93027929970641, 71.80281775520086, 67.4292620097415, 94.73701418542282, 51.52348295628388, 78.4652906229158, 86.27071638178678, 99.68924032041032, 92.70436707081763, 92.55011615689467, 54.67133382209334, 79.89552432517658, 68.60047660475514, 95.4545656464448, 75.57184862710635, 91.85434383033669, 66.17384985230439, 50.554969392177675, 73.08515177801452, 55.79918457041941, 88.16253362413794, 60.38224025943808, 89.2786128814924, 59.89303155553784, 20.96200569775606, 95.95383824538263, 68.33670072829125, 47.5214907602852, 56.00935922004304, 93.88075638856897, 80.54395840273357, 88.25085216893159, 90.31318161359424, 78.24483275828628], "K_sym": [87.4141109238652, -48.73579320833631, -116.84149527672079, 41.01427160228136, 48.11238402758221, 122.99252475606123, -102.45923782743425, -101.79630199419606, -145.35372422677642, 0.49840276855869614, -12.624433017148398, 34.34221883356483, -2.577383240603135, -48.04747729391517, 41.39495792446708, -2.6005671799791044, -40.68097548282641, -54.56923997386901, 24.301245981959614, 22.763730835372613, 25.87648854839064, 47.026038641188116, 4.95421657440655, -91.41162927238022, 56.20071119755542, -116.95226291528911, -207.8866957368256, -8.055102773727747, 107.07527082665888, -81.75399234388901, -192.34093499815611, -68.68044135452242, -71.77190174216729, 80.01853858412747, -48.48385023766729], "Q_sym": [-521.4148271555856, 760.2526746396209, 45.79352388856955, -429.4135452839239, -479.24599494284604, -437.35456622264127, 129.37528961683424, 627.2172122666415, 445.9008645576309, -799.022959912914, 192.0858234006114, -123.34090154681823, 176.27925041339614, 552.2222970474819, 737.7593022592871, 64.37367848746615, -122.62904812932732, 662.3406014613696, 157.85667293709696, 616.3560829630877, 389.68897697223434, 79.16515779566006, 368.9907949345547, -653.2209729003922, -370.79615991048206, -270.09762876200233, 313.42838748100183, 643.9694788883468, -308.190400739222, 336.44394195639717, 215.8317622798311, -63.171896349248556, -80.79308031177248, -560.4424839505991, 453.18410499721455], "Z_sym": [10.0, 10.0, 10.0, 10.0, 10.0, 10.0, 10.0, 10.0, 10.0, 10.0, 10.0, 10.0, 10.0, 10.0, 10.0, 10.0, 10.0, 10.0, 10.0, 10.0, 10.0, 10.0, 10.0, 10.0, 10.0, 10.0, 10.0, 10.0, 10.0, 10.0, 10.0, 10.0, 10.0, 10.0, 10.0], "K_sat": [168.92593067255385, 228.7611651377365, 325.7758944286131, 248.63297166540488, 199.7415424651877, 248.6029902261531, 313.6241480490946, 257.64347212742405, 259.8884711084568, 140.65498851716472, 197.33344331648522, 305.6239239474363, 188.91493200103727, 286.3370316584109, 169.08068085753544, 254.8464620082805, 282.48262738796063, 247.45413538859523, 274.66756379013333, 224.74284104191548, 278.80706214467926, 192.29957784448706, 249.17513522084386, 283.1505775675104, 297.01699206197594, 372.319772072905, 308.4618047136429, 230.69542354191842, 166.54301858901113, 286.6792710997909, 313.18081962290626, 199.41430558078284, 169.36326215545242, 229.1191591319085, 249.99254648251693], "Q_sat": [376.28381278712425, -338.0980558414829, -87.59393927806772, 159.78828767966345, 297.11969517427843, 3.490713547831148, -105.60863997242853, -252.77359846726037, -34.99399862641593, 822.0914825808371, 136.24653593325752, -159.82236221718094, 23.309045236184883, -380.51623604209857, -117.077907104911, -65.11088394806552, 19.21986010916317, -433.33123611290154, -303.7368541183088, -267.929653097566, -410.572640781148, 50.936571604421395, -318.99894987351917, 279.2367085726362, -40.46191507924652, -108.8836824057474, 16.576783038406134, -356.43479646943547, 160.23717786425325, -309.26485452040527, -36.767179065888186, 320.6362496204555, 415.63663992548084, 192.46575751658565, -275.88656376953435], "Z_sat": [10.0, 10.0, 10.0, 10.0, 10.0, 10.0, 10.0, 10.0, 10.0, 10.0, 10.0, 10.0, 10.0, 10.0, 10.0, 10.0, 10.0, 10.0, 10.0, 10.0, 10.0, 10.0, 10.0, 10.0, 10.0, 10.0, 10.0, 10.0, 10.0, 10.0, 10.0, 10.0, 10.0, 10.0, 10.0]}