{"E_sym": [44.611561855787336, 32.76281624048961, 55.228475199571825, 45.22020155800814, 16.06938691799137, 72.66836141814126, 87.41063578218409, 18.6461586759575, 77.42065022302567, 56.526334156218276, 36.29529824941412, 27.861056293159496, 29.773029313332955, 47.25477557239544, 63.20243473018689, 58.77303979231786, 28.196513955846772, 76.77277390180936, 21.448211898240608, 32.24416584861289, 44.88808077904511, 35.78516237579766, 60.07774056182729, 119.39769669849233, 49.45826697723622, 33.68756133887187, 74.8684812146404, 44.853041269859006], "L_sym": [55.30873654749653, 68.5553213498657, 78.79639345740186, 97.1431002696336, 52.495075859987885, 48.45398419947238, 95.576969091125, 68.50955876784934, 97.74785675163197, 83.10580856667247, 85.1876954356003, 61.41648046186684, 83.73236359843749, 82.17085495096266, 98.16992989174875, 83.3541756980801, 68.68738298865188, 78.94275031591111, 76.96493462353234, 77.93867315125304, 85.73103565501594, 93.61069473427591, 98.06118504992023, 92.96190394872565, 58.650425783435146, 91.99883675293503, 85.56900842413911, 71.94529026660267], "K_sym": [125.28626671911248, -57.473489670567936, -36.72984865803132, -76.17586979039588, 0.051638144955041404, 68.71471623890098, -71.54684364794625, -37.666488269559586, 95.82625855211306, -21.22224902032603, -47.53239961506015, 104.15368570402892, -95.65138442085792, 76.18782094602604, -183.83893143052111, -37.28405762277721, 81.9888959458919, 62.68642744989377, -65.36640203275448, -130.26209215652258, -110.8407959992817, -4.851073764398245, -47.68629378065072, 47.46205337752389, 72.601165662141, -30.822328968918107, 72.42883723426155, 35.29873885658302], "Q_sym": [50.81591434881165, 239.72972942643625, 99.34384166746388, -676.2843702954584, -763.4929065720675, -666.4105495543452, -628.6205978510754, 11.378360540993256, -515.6378385905292, -382.39079690253806, -688.0494617917972, -296.6110664593476, 460.1853299650683, 274.14529709587464, -233.3938864756615, 770.583766647665, -380.87545610904516, 734.9991082276725, -675.73842992481, -211.97643384453488, 63.95944233962396, -644.8043352258043, -229.32880652378415, -552.0460851728513, 117.04023622336214, -360.19511237850827, -238.46551501486516, 156.24813915716746], "Z_sym": [-889.3866096803748, -353.7167186638965, -785.2097114151036, -147.11267267254755, 1233.2453600456215, 1338.7352204302556, 1418.878399683393, 448.40560942569937, -174.80491393485147, -790.5528177893918, 800.9908360739795, 1039.045411965454, -40.79405695862699, 1165.1860478381757, 413.09987592089067, -655.2092243684943, 399.1760502395898, 757.3387695640939, 1170.0945396095408, 40.05006736004674, -1387.664719170335, 81.36845259925742, -1479.346171096819, 52.06743756634343, -1828.3467420905222, 812.6318906176474, -660.5701092094234, -1164.0338842292579], "K_sat": [224.12314720851126, 262.8615782358388, 264.4192330326961, 238.6540289571301, 239.2658146290822, 307.6887546614106, 287.1790876922573, 225.77842560597395, 231.16772847825203, 270.37995412496724, 223.1789439740399, 182.46107864987013, 206.23173193069678, 172.58591366534662, 285.5451021320542, 256.16250370326094, 170.94742751001948, 270.2748304328217, 195.93767286625712, 256.98139727245257, 270.9203156520003, 157.86830521633115, 222.99185880497134, 259.54576704486294, 259.59501803200953, 191.32910325424194, 254.6452615688781, 226.58638444398764], "Q_sat": [-135.96458782861734, -62.38163951710441, 2.806277632437861, 318.8563398681677, 727.456318756455, 8.001404919720958, 77.97901612589136, -40.731980827889394, 43.085560393182405, -38.45648866024064, 502.3891756171559, -53.12020945655528, 303.4739868873121, 210.9699208129553, 374.2422876666143, -178.39755408756005, 162.25977033878038, -513.5653761120591, 1023.9119393837607, 692.7648110649787, 79.97825061646479, 772.5368449993105, 447.3968825720223, 230.59820996646397, -289.50976098367556, 284.73477150324084, -127.5881084189568, -34.63491559861015], "Z_sat": [140.40343405771534, -204.42827775453486, 152.20036929625817, 1220.8091425021216, -1622.9217201391164, -484.17742762917726, 180.59991637153024, 451.6516047874205, 711.4846669581175, 1401.5339438423737, -173.57335104102265, 330.1800525041563, -1871.0807374330664, -1877.428995116425, -787.5817389589406, -434.98573898367005, 340.75633375365817, 921.4375768221914, -2273.600345852364, -1911.8129061564289, 683.981213011025, -752.9365564270989, -434.5700693061104, -643.50418391582, 1389.6518422685015, 405.38581106334067, 1040.2294492883696, 317.66027446394014]}