{"E_sym": [35.0, 35.0, 35.0, 35.0, 35.0, 35.0, 35.0, 35.0, 35.0, 35.0, 35.0, 35.0, 35.0, 35.0, 35.0, 35.0, 35.0, 35.0, 35.0, 35.0, 35.0, 35.0, 35.0, 35.0, 35.0, 35.0, 35.0, 35.0, 35.0, 35.0, 35.0, 35.0, 35.0, 35.0, 35.0, 35.0, 35.0, 35.0, 35.0, 35.0, 35.0, 35.0, 35.0, 35.0, 35.0, 35.0, 35.0, 35.0, 35.0, 35.0, 35.0, 35.0, 35.0, 35.0, 35.0, 35.0, 35.0, 35.0, 35.0, 35.0, 35.0, 35.0, 35.0], "L_sym": [71.80091048115845, 122.65444210060024, 131.65946234003175, 95.39722191681096, 92.1452603514533, 90.93164243769057, 69.48748453532203, 133.12569796467733, 65.63999062941029, 90.18636047985872, 56.01817398351404, 134.21373194946415, 69.27985657393553, 52.238624484007225, 96.9859824323845, 103.05751801520012, 120.64243837293998, 82.08087994727111, 71.09261784039184, 95.5071727272541, 119.02444823589471, 59.318761268272745, 130.8282891245922, 100.54548024151228, 101.03729209966596, 97.60676862625854, 92.48011321781723, 55.63125133256214, 41.260778793093635, 73.13894622222263, 95.2162761281327, 106.35660829939201, 76.517829361413, 112.54692098384115, 83.2742281226973, 87.29012204623623, 104.56866584205079, 99.19319242555608, 106.32945507765892, 52.37202432857306, 83.48158343161711, 102.76785977295818, 129.42905564604783, 99.41503658310981, 97.29626800661669, 83.04712199426801, 90.5140463322624, 95.97509495861912, 93.2901655117436, 108.8018492774446, 71.27690007820885, 104.61820837939445, 87.84973097668099, 148.75101599506155, 78.16115222305922, 120.92668571057027, 101.98669737429, 68.48563762848812, 55.6152073349079, 96.00823927618461, 65.1314516015725, 73.25666361366548, 101.80443387618588], "K_sym": [-76.70894816672178, -278.66764923148475, -361.82872727319335, -175.29320949509165, -44.28236010962088, -24.62119359490526, -64.46525413494876, -266.385963850814, 73.75769020893591, -131.9666816855665, 85.91056499018812, -349.79883971582603, -36.43023150453973, 59.75925346094355, -82.75993030698596, -135.80339578589684, -91.62895394652158, -72.87150260780675, 77.01415577013272, -85.1868504761543, -68.24778253472746, -10.456435921782324, -271.6018727432601, -0.18174703051281593, -208.52546733326565, -53.798658983345796, -166.45303027545086, 143.70243155633523, -10.869783622282172, -110.69038116523974, -55.47563514277523, -234.34544727319212, -10.792990496064691, -182.1003837967694, -113.73721473059591, -62.284785009494904, -99.69292118443735, -69.25525684823839, -75.16730418715012, -75.71728700607184, -44.32140042239264, -69.61589899091635, -90.91163545286923, -235.26918508577313, -55.44043258761301, -119.82759076080922, 11.207117167206581, -133.81510245567435, -130.36870808287904, -53.40503062270661, 112.35661618271187, -54.91554435499338, -109.47036431675234, -251.1598211774835, -94.24760989994934, -63.265706260428495, -214.6608283253844, -39.81916018412322, 71.30022789738638, -93.29110721475185, -150.57740167473628, -110.10524993154687, -191.98513617181283], "Q_sym": [-254.01769859912721, 418.70530914161395, 85.72580410218322, 787.5349358682728, -38.348827816245986, -236.42920936595226, 111.31825755472468, -67.90408583033101, -176.00087999335761, -450.66451548779025, -718.3831131341859, 354.7980778029789, 94.46094239284203, -451.4108730867047, 123.19648196242166, -10.235058672942191, 242.0879215627205, -699.0372672979014, -105.25132949163228, 401.0236346971373, -165.96786486981864, -297.0933579367199, 261.44949126445454, -701.6707362594037, 291.9083801485551, -266.7569160174347, 194.74694987280677, -707.7643696759574, -303.5753771972422, 378.42544484319774, 684.8831347028831, 473.83670153290456, 372.14083069887585, 416.5022958691465, 710.9152578239639, -449.75096898120455, 159.46204225489382, 394.9034196231963, 368.6240531359925, -63.066316474877624, 427.77398553333103, -476.0996715536147, 427.00498560707763, -576.0299007617166, 163.09498902138844, -61.26865585841833, 631.725754040687, 285.5514656390032, -370.27521941131533, 290.54644559291035, -155.4991239708893, 508.23184746585366, 310.2932190531143, 193.655864178722, -91.85396643582065, 550.9232127414724, -565.5998477442342, 116.6050947397795, -568.4703573630127, -85.42245583663039, 193.2697314435681, -637.8608588322069, 340.32841461640146], "Z_sym": [139.88236432191968, -1955.556074938258, -2002.7680298731884, -1472.391148320084, -348.6454259963815, -1493.64281805285, -1689.4471381495011, 1079.2239195279146, -1786.4823921745626, -200.8933852889718, 980.5449706101836, -2281.205534582691, -1532.9910131380927, -724.1947405561822, -905.4829226077537, -1602.5164080011707, -1334.1244689687376, -828.7789777749439, 1414.288368282953, 476.6048526770719, -1278.372839215806, 653.1196230069198, -1790.046622579144, -947.2761446625484, -465.99780141846367, -615.0723752013872, -2249.9342344452225, 796.8010552247373, 1030.149830802069, -460.692632526988, 67.43839213848524, -1927.8589906466361, 1333.6661332557908, -1619.2348850798635, 167.63992876581432, 1235.4359213051127, -1642.8917438255776, -1474.4626980474538, 1281.1250131739623, -1018.4545162151867, 1061.2618462739379, -928.578000698905, 382.57888780294246, 1293.9042229004822, -936.9765560488684, -520.2333245563082, -1248.4249124447215, 162.59795624931832, 1226.19273591149, 204.70590697211279, 862.7860980579546, 869.8453267021827, 819.605299891988, -2476.55684481462, -1758.2425399141757, 648.4009185961734, 487.3967597027259, -1843.5541034223195, 873.4485914044539, -2131.9357314679705, -1382.2147513578275, 1290.384326787597, 402.77810237759434], "K_sat": [257.6746105156182, 198.90005447032618, 233.00998698736282, 243.04604494352503, 161.24505146496602, 155.24866100195683, 268.51347976955543, 186.57885412165157, 191.9249005061543, 244.7501130380168, 208.44727356136957, 230.2456623192757, 244.7271884839211, 239.15970442611192, 210.17636888499922, 176.99291863273973, 125.9121098258339, 228.23598356601576, 175.70121523483542, 192.34980168555526, 114.38581659122153, 264.100227656287, 194.5410921143311, 140.85163288779307, 246.40028134865568, 165.5395509869217, 261.10340065483433, 209.3180430306698, 341.5146005422741, 305.5163436136888, 156.1561332984958, 247.02232332478968, 227.9621739879152, 218.48715192876955, 246.5040312447516, 200.10410886508924, 189.04332514797915, 154.40073679785624, 147.0939709493866, 338.24430158632583, 197.82767050459253, 166.0367594094878, 99.52725981205754, 275.16726101314373, 152.28460297657114, 248.40193339344816, 136.46740202239587, 244.1681234100377, 230.82017335519112, 135.60686591716896, 174.3037583773592, 131.81982334098439, 216.97825265968473, 133.46970154031018, 254.20971019619216, 100.0516988890084, 252.66787780937264, 251.74121805458856, 235.97205115398228, 198.405943414919, 332.4688150095204, 303.6083815229877, 233.65204717002635], "Q_sat": [482.8901444621378, 958.3947325727585, 980.9090786905639, 85.33581332800219, 714.7424667564378, 851.7643586089679, 57.34282946640965, 907.8448063067073, 180.41726733200846, 620.9648562365953, 558.5480775955571, 670.4753333554175, 157.78361933179858, 312.44866281015726, 60.52633103394989, 893.7545183082649, 575.457337929288, 729.7484734425723, 172.15542205769523, 243.17682630232125, 840.7108971271508, 274.4853367298474, 710.8466651459296, 731.8089083824069, 408.4313760488353, 683.1822946760011, 193.7027942302925, -40.64096786391082, -126.9097616057896, -367.5161482512603, 312.3247717405387, 354.8923833927042, -321.29926361097023, 124.19728056446667, -72.1167000548, 734.7989960704824, 257.6418969819115, 552.0539486143558, 485.36496066653297, -59.66485728969315, 160.51017401058962, 745.0529407208717, 620.0719184656224, 901.891987211394, 661.4591611114787, 458.98993138152224, 289.00297488724084, -57.25085359028062, 648.4601480667295, 439.6430360033481, -93.05159334076666, 487.49868353382385, 392.22576529921395, 930.2598300287343, 344.7411737488791, 581.0441235510888, 918.8077760032902, 95.65819305513637, 190.88760982881388, 463.20280900106764, 93.19325221135766, 333.2613375944855, 388.92226979214877],