{"E_sym": [35.0, 35.0, 35.0, 35.0, 35.0, 35.0, 35.0, 35.0, 35.0, 35.0, 35.0, 35.0, 35.0, 35.0, 35.0, 35.0, 35.0, 35.0, 35.0, 35.0, 35.0, 35.0, 35.0, 35.0, 35.0, 35.0, 35.0, 35.0, 35.0, 35.0, 35.0, 35.0, 35.0, 35.0, 35.0, 35.0, 35.0, 35.0, 35.0, 35.0, 35.0], "L_sym": [71.80091048115845, 95.39722191681096, 92.1452603514533, 90.93164243769057, 69.48748453532203, 65.63999062941029, 90.18636047985872, 56.01817398351404, 69.27985657393553, 52.238624484007225, 96.9859824323845, 82.08087994727111, 71.09261784039184, 95.5071727272541, 59.318761268272745, 97.60676862625854, 92.48011321781723, 55.63125133256214, 41.260778793093635, 73.13894622222263, 95.2162761281327, 76.517829361413, 83.2742281226973, 87.29012204623623, 99.19319242555608, 52.37202432857306, 83.48158343161711, 99.41503658310981, 97.29626800661669, 83.04712199426801, 90.5140463322624, 95.97509495861912, 93.2901655117436, 71.27690007820885, 87.84973097668099, 78.16115222305922, 68.48563762848812, 55.6152073349079, 96.00823927618461, 65.1314516015725, 73.25666361366548], "K_sym": [-76.70894816672178, -175.29320949509165, -44.28236010962088, -24.62119359490526, -64.46525413494876, 73.75769020893591, -131.9666816855665, 85.91056499018812, -36.43023150453973, 59.75925346094355, -82.75993030698596, -72.87150260780675, 77.01415577013272, -85.1868504761543, -10.456435921782324, -53.798658983345796, -166.45303027545086, 143.70243155633523, -10.869783622282172, -110.69038116523974, -55.47563514277523, -10.792990496064691, -113.73721473059591, -62.284785009494904, -69.25525684823839, -75.71728700607184, -44.32140042239264, -235.26918508577313, -55.44043258761301, -119.82759076080922, 11.207117167206581, -133.81510245567435, -130.36870808287904, 112.35661618271187, -109.47036431675234, -94.24760989994934, -39.81916018412322, 71.30022789738638, -93.29110721475185, -150.57740167473628, -110.10524993154687], "Q_sym": [-254.01769859912721, 787.5349358682728, -38.348827816245986, -236.42920936595226, 111.31825755472468, -176.00087999335761, -450.66451548779025, -718.3831131341859, 94.46094239284203, -451.4108730867047, 123.19648196242166, -699.0372672979014, -105.25132949163228, 401.0236346971373, -297.0933579367199, -266.7569160174347, 194.74694987280677, -707.7643696759574, -303.5753771972422, 378.42544484319774, 684.8831347028831, 372.14083069887585, 710.9152578239639, -449.75096898120455, 394.9034196231963, -63.066316474877624, 427.77398553333103, -576.0299007617166, 163.09498902138844, -61.26865585841833, 631.725754040687, 285.5514656390032, -370.27521941131533, -155.4991239708893, 310.2932190531143, -91.85396643582065, 116.6050947397795, -568.4703573630127, -85.42245583663039, 193.2697314435681, -637.8608588322069], "Z_sym": [139.88236432191968, -1472.391148320084, -348.6454259963815, -1493.64281805285, -1689.4471381495011, -1786.4823921745626, -200.8933852889718, 980.5449706101836, -1532.9910131380927, -724.1947405561822, -905.4829226077537, -828.7789777749439, 1414.288368282953, 476.6048526770719, 653.1196230069198, -615.0723752013872, -2249.9342344452225, 796.8010552247373, 1030.149830802069, -460.692632526988, 67.43839213848524, 1333.6661332557908, 167.63992876581432, 1235.4359213051127, -1474.4626980474538, -1018.4545162151867, 1061.2618462739379, 1293.9042229004822, -936.9765560488684, -520.2333245563082, -1248.4249124447215, 162.59795624931832, 1226.19273591149, 862.7860980579546, 819.605299891988, -1758.2425399141757, -1843.5541034223195, 873.4485914044539, -2131.9357314679705, -1382.2147513578275, 1290.384326787597], "K_sat": [257.6746105156182, 243.04604494352503, 161.24505146496602, 155.24866100195683, 268.51347976955543, 191.9249005061543, 244.7501130380168, 208.44727356136957, 244.7271884839211, 239.15970442611192, 210.17636888499922, 228.23598356601576, 175.70121523483542, 192.34980168555526, 264.100227656287, 165.5395509869217, 261.10340065483433, 209.3180430306698, 341.5146005422741, 305.5163436136888, 156.1561332984958, 227.9621739879152, 246.5040312447516, 200.10410886508924, 154.40073679785624, 338.24430158632583, 197.82767050459253, 275.16726101314373, 152.28460297657114, 248.40193339344816, 136.46740202239587, 244.1681234100377, 230.82017335519112, 174.3037583773592, 216.97825265968473, 254.20971019619216, 251.74121805458856, 235.97205115398228, 198.405943414919, 332.4688150095204, 303.6083815229877], "Q_sat": [482.8901444621378, 85.33581332800219, 714.7424667564378, 851.7643586089679, 57.34282946640965, 180.41726733200846, 620.9648562365953, 558.5480775955571, 157.78361933179858, 312.44866281015726, 60.52633103394989, 729.7484734425723, 172.15542205769523, 243.17682630232125, 274.4853367298474, 683.1822946760011, 193.7027942302925, -40.64096786391082, -126.9097616057896, -367.5161482512603, 312.3247717405387, -321.29926361097023, -72.1167000548, 734.7989960704824, 552.0539486143558, -59.66485728969315, 160.51017401058962, 901.891987211394, 661.4591611114787, 458.98993138152224, 289.00297488724084, -57.25085359028062, 648.4601480667295, -93.05159334076666, 392.22576529921395, 344.7411737488791, 95.65819305513637, 190.88760982881388, 463.20280900106764, 93.19325221135766, 333.2613375944855], "Z_sat": [-1390.8287402322678, -678.9548324448085, -1897.1148207491985, -1537.4300219753225, 496.94572759266794, 782.8630239450578, -327.03241502397816, -1671.088513955517, -65.74660640014305, -352.9386062503818, 1278.9238529977063, 210.1814858229954, -1233.9948219936218, -1367.4589726996605, -1315.6314678775605, -725.7841325154451, 1036.8584986222354, 1157.9139561536554, -511.1551722524462, 923.6104003603211, -1975.0858993363213, 54.49941719687256, -1239.6396889778368, -2013.7130109966408, -1421.9994341046674, 484.22610450206696, -1825.9174642874982, -1698.4223949453294, -1684.0903997367514, -860.0685886788702, -1411.6807303629128, 700.9853004470319, -1600.0459013573188, 458.4161916699526, -2323.3393611168935, 296.5253307308192, 358.7528354132998, -372.77266146910495, 780.5025658765484, -221.42795140216595, -115.90281333330529]}